施設_名称,施設_市区町村コード,住所_都道府県,住所_市区町村（郡）,住所_緯度,住所_経度,連絡先_電話番号,連絡先_FormURL,連絡先_郵便番号,連絡先_住所,緊急避妊に係る診療が可能な産婦人科医療機関等_産科、婦人科又は産婦人科の標榜の有無,緊急避妊に係る診療が可能な産婦人科医療機関等_医療機関における緊急避妊にかかる対面診療への対応可能時間帯,緊急避妊に係る診療が可能な産婦人科医療機関等_常時の緊急避妊薬の在庫の有無,エラー
"学校法人聖路加国際大学 聖
路加国際病院",131024,東京都,中央区,35.667965,139.776779,03-3541-5151,http://hospital.luke.ac.jp/,104-8560,東京都中央区明石町9番1号,有,"女性総合診療部 平日 8:30-17:00
救命救急センタ- 夜間 17:00-8:30
土・日・祝 0:00-23:59",有,
北里大学 北里研究所病院,131032,東京都,港区,35.645351,139.725525,03-3444-6161,http://www.kitasato-u.ac.jp/hokken-hp/,108-8642,東京都港区白金5丁目9番1号,有,"平日 8:30-11:30
土(第4除く) 8:30-11:30",有,
"国家公務員共済組合連合会
虎の門病院",131032,東京都,港区,35.669044,139.745483,03-3588-1111,https://www.toranomon.gr.jp,105-8470,東京都港区虎ノ門2-2-2,有,平日 9:00-16:30,有,URL(リンク切れ)
"独立行政法人地域医療機能推
進機構 東京新宿メディカルセ
ンタ-",131040,東京都,新宿区,35.703087,139.742325,03-3269-8111,http://www.tkn-hosp.gr.jp,162-8543,東京都新宿区津久戸町5-1,有,"月・木 9:00-16:00
金 11:00-16:00",有,URL(リンク切れ)
東京医科大学病院,131040,東京都,新宿区,35.694145,139.693008,03-3342-6111,http://hospinfo.tokyo-med.ac.jp/,160-0023,東京都新宿区西新宿6-7-1,有,平日 8:00-11:00,有,
"順天堂大学医学部附属順天堂
医院",131059,東京都,文京区,35.701878,139.762177,03-3813-3111,www.juntendo.jp/hospital,113-8431,東京都文京区本郷3-1-3,"有
産科・婦人科","平日 8:00-15:00
土 8:00-11:00",有,URL(リンク切れ)
"公益財団法人東京都保健医療
公社 荏原病院",131113,東京都,大田区,35.593746,139.692047,03-5734-8000,http://www.ebara-hp.ota.tokyo.jp/,145-0065,東京都大田区東雪谷4-5-10,有,平日 8:00-12:00 13:00-17:00,有,URL(リンク切れ)
"独立行政法人労働者健康安全
機構 東京労災病院",131113,東京都,大田区,35.564991,139.747208,03-3742-7301,https://tokyoh.johas.go.jp/,143-0013,東京都大田区大森南4-13-21,有,平日 9:00-17:00,有,
"医療法人社団九折会 成城木
下病院",131121,東京都,世田谷区,35.641529,139.600189,03-3482-1702,https://kinohosp.com/,157-0066,東京都世田谷区成城6-13-20,有,月~土 8:00-11:30 12:00-16:30,有,
"社会福祉法人康和会 久我山
病院",131121,東京都,世田谷区,35.681889,139.598663,03-3309-1111,http://www.kugayama-hp.org/,157-0061,東京都世田谷区北烏山2-14-20,有,"24時間対応可能(緊急など出来ない場合もある。
受診希望は事前TEL)",有,
"医療法人財団健貢会 総合東
京病院",,,,35.727566,139.664261,03-3387-5421,http://www.tokyo-hospital.com,165-8906,東京都中野区江古田3-15-2,有,平日・土 9:00-13:00,有,郵便番号
"一般財団法人自警会 東京警
察病院",131148,東京都,中野区,35.709152,139.659378,03-5343-5611,http://www.keisatsubyoin.or.jp/,164-8541,東京都中野区中野四丁目22番1号,有,平日 8:30-11:30,有,
"医療法人財団明理会 明理会
中央総合病院",131172,東京都,北区,35.765137,139.728592,03-5902-1199,https://ims.gr.jp/meirikaichuo/,114-0001,東京都北区東十条3-2-11,有,平日 8:30-16:30,有,
"公益社団法人地域医療振興協
会 東京北医療センタ-",131172,東京都,北区,35.78389,139.71254,03-5963-3311,https://www.tokyokita-jadecom.jp/,115-0053,東京都北区赤羽台4-17-56,有,24時間,有,URL(リンク切れ)
"医療法人財団逸生会 大橋病
院",131172,東京都,北区,35.775299,139.705643,03-3907-1222,http://o-hp.or.jp/,115-0054,東京都北区桐ケ丘1-22-1,有,"月・火・木・金 9:00-16:30
土(第2・4) 9:00-11:30",有,
"社会医療法人社団正志会 荒
木記念東京リバ-サイド病院",131180,東京都,荒川区,35.737522,139.806534,03-5850-0311,http://www.trshp./jp/,116-0003,東京都荒川区南千住8-4-4,有,"月・金・土 8:30-11:30
水・木 8:30-11:30 13:30-16:00",有,URL(リンク切れ)
"東京女子医科大学東医療セン
タ-",131180,東京都,荒川区,35.748371,139.765244,03-3810-1111,https://twmu-mce.jp/,116-8567,東京都荒川区西尾久2-1-10,有,基本24時間 困難な場合もある,有,
"医療法人財団 明理会 東京腎
泌尿器センタ-大和病院",131199,東京都,板橋区,35.761597,139.706314,03-5943-2411,https://www.ims.gr.jp/yamato/,173-0001,東京都板橋区本町36-3,"有
婦人科","平日 8:30-17:00
土 8:30-12:30",有,
医療法人財団仁寿会 荘病院,131199,東京都,板橋区,35.748924,139.7155,03-3963-0551,http://www.sho-hospital.jp/usr/pc/,173-0004,東京都板橋区板橋1-41-14,有,"平日 9:00-11:30
土 9:00-11:30 (第2休診)",有,URL(リンク切れ)
"公益財団法人東京都保健医療
公社 豊島病院",131199,東京都,板橋区,35.752899,139.700607,03-5375-1234,http://www.toshima-hp.jp/,173-0015,東京都板橋区栄町33-1,有,平日 9:00-15:30,有,URL(リンク切れ)
"医療法人社団明芳会 板橋中
央総合病院",131199,東京都,板橋区,35.775574,139.696747,03-3967-1181,https://www.ims-itabashi.jp/,174-0051,東京都板橋区小豆沢2-12-7,有,平日 8:00-11:30,有,
板橋区医師会病院,131199,東京都,板橋区,35.786076,139.657852,03-3975-8151,http://www.itabashi-med.jp/,175-0082,東京都板橋区高島平3-12-6,"有
産婦人科",平日・土 8:30-11:00,無,
"医療法人社団成和会 産婦人
科病院成増産院",131199,東京都,板橋区,35.774113,139.634583,03-3975-1111,http://www.narimasu.or.jp,175-0094,東京都板橋区成増1-1-1,有,"月・火・水・金・土 9:00-17:00
木 9:00-12:00",有,URL(リンク切れ)
"順天堂大学医学部附属練馬病
院",131202,東京都,練馬区,35.742813,139.614899,03-5923-3111,https://www.juntendo.ac.jp/hospital_nerima/,177-8521,東京都練馬区高野台3-1-10,有,24時間,有,URL(リンク切れ)
"医療法人社団 久保田産婦人
科病院",131202,東京都,練馬区,35.752533,139.586029,03-3922-0262,https://www.kubota-hosp.jp/,178-0063,東京都練馬区東大泉3-29-10,有,"平日 9:00-11:30 14:00-16:30
土 9:00-11:30",有,
"医療法人社団苑田会 苑田第
一病院",131210,東京都,足立区,35.793526,139.802277,03-3850-5721,http://www.sonodakai.or.jp/shisetu/so1.html,121-0813,東京都足立区竹の塚4-1-12,有,"平日 9:00-12:00
土 9:00-12:00",有,
"医療法人社団向日葵会まつし
ま病院",131237,東京都,江戸川区,35.706581,139.867004,03-3653-5541,http://www.matsushima-wh.or.jp/,132-0031,東京都江戸川区松島1-41-29,有,"平日9-17時
土曜日9-13時",有,
"医療法人社団理弘会 岩倉病
院",131237,東京都,江戸川区,35.732487,139.883194,03-3659-3215,https://www.iwakura-byoin.com/,133-0056,東京都江戸川区南小岩7-28-4,有,"平日 9:00-18:45
土 9:00-16:45",有,
"医療法人社団 米山産婦人科
病院",132012,東京都,八王子市,35.660992,139.340668,042-642-5225,http://www.yoneyama-hp.jp,192-0065,東京都八王子市新町2-12,有,平日・土・日・祝 9:00-17:00,有,
医療法人社団 大聖病院,132187,東京都,福生市,35.742599,139.330505,042-551-1311,,197-0011,東京都福生市福生871,有,"月・火・水・木 9:00-16:00
金・土 9:00-12:00",有,
公立福生病院,132187,東京都,福生市,35.747074,139.326569,042-551-1111,www.fussahp.jp,197-8511,東京都福生市加美平1-6-1,有,24時間,有,
稲城市立病院,132250,東京都,稲城市,35.641563,139.481995,042-377-0931,http://www.hospital.inagi.tokyo.jp,206-0801,東京都稲城市大丸1171,有,平日 8:30-17:00,有,
医療法人財団 立川中央病院,132020,東京都,立川市,35.695633,139.406891,042-522-7171,http://www.tactis.or.jp,190-0023,東京都立川市柴崎町2-17-14,有,平日 8:30-11:30 13:00-16:00,無,
"社会医療法人財団大和会 武
蔵村山病院",132233,東京都,武蔵村山市,35.746552,139.385162,042-566-3111,http://www.yamatokai.or.jp/musasimurayama/,208-0022,東京都武蔵村山市榎1-1-5,有,月~土 8:30-11:00 受付時間,有,
"医療法人社団新愛会 東府中
病院",132063,東京都,府中市,35.671829,139.494659,042-364-0151,http://higashifuchu-hp.jp/,183-0005,東京都府中市若松町2-7-20,有,月~土 9:00-17:00,有,
医療法人社団 飯野病院,132080,東京都,調布市,35.650803,139.544724,042-483-8811,http://www.iino-hospital.or.jp,182-0024,東京都調布市布田4-3-2,有,月・火・水・金・土 9:00-11:30 13:30-16:00,有,
"医療法人社団桐光会 調布病
院",132080,東京都,調布市,35.650974,139.53273,042-484-2626,http://www.tokokai.or.jp/,182-0034,東京都調布市下石原3-45-1,有,"平日 8:20-12:30 13:30-16:00
土 8:20-12:30",有,
"医療法人社団時正会 佐々総
合病院",132292,東京都,西東京市,35.729767,139.538803,042-461-1535,http://www.sasa-hospital.com/,188-0011,東京都西東京市田無町4-24-15,有,"平日 9:00-16:00
土 9:00-11:30",有,URL(リンク切れ)
"医療法人社団レニア会 篠宮正
明記念アルテミスウイメンズホ
スピタル",132225,東京都,東久留米市,35.757431,139.527313,042-472-6111,http://www.artemis.tokyo/,203-0054,東京都東久留米市中央町1-1-20,有,"月・火・水・金 9:00-12:00 14:00-17:00
木・土 9:00-12:00",有,
"一般財団法人健康医学協会附
属 霞が関ビル診療所",131016,東京都,千代田区,35.671192,139.74791,03-3581-6031,http://www.kenkoigaku.or.jp,100-6003,東京都千代田区霞が関3-2-5 霞が関ビル3F,"有
婦人科",平日 9:00-12:00 14:00-16:30,有,
"医療法人社団コンシュ-マメ
ディカル 四ッ谷レディスクリ
ニック",131016,東京都,千代田区,35.685764,139.733276,03-3234-5343,http://:yotsuya-lc.com,102-0083,東京都千代田区麹町6-4-14 堤ビル2F,有,平日・土 10:00-13:00 15:00-18:30,有,URL(リンク切れ)
"医療法人社団ILC会 一番町レ
ディ-スクリニック",131016,東京都,千代田区,35.687584,139.742172,03-3261-2255,https://www.1-ilc.com/,102-0082,東京都千代田区一番町4-26 相模屋第5ビル2F,有,"月 10:00-13:00 16:00-18:30
火・水・金 9:30-13:00 16:00-18:30
木 16:00-18:30 土 10:00-13:00",有,
紀尾井町レディ-スクリニック,131016,東京都,千代田区,35.681744,139.738205,03-6666-5505,http://www.kioicho-lc.jp/,102-0094,"東京都千代田区紀尾井町3-29 紀尾井ロイヤルハイツ
204",有,"月・火・水・木 9:30-13:30 16:00-20:0
金 9:30-13:30 16:00-20:00(12月から)
土 10:30-13:30",有,
"丸の内の森 レディ-スクリニッ
ク",131016,東京都,千代田区,35.682579,139.764313,03-6206-3900,https://www.moricli.jp/,100-6509,"東京都千代田区丸の内1-5-1 新丸の内ビル
ディング9F",有,平日 9:00-15:30,有,
S.T style クリニック,131016,東京都,千代田区,35.684322,139.735535,03-6261-7405,https://ststyle-clinic.jp,102-0083,東京都千代田区麹町4-6-8 ダイニチ麹町ビル3F,無,月・火・水・金・土 10:00-19:00,有,
有楽町ビル婦人科クリニック,131016,東京都,千代田区,35.674938,139.761795,03-3214-2568,,100-0006,"東京都千代田区有楽町1-10-1 有楽町ビル4F-41
4区",有,月・火・木・金 11:00-13:00 14:00-18:00,有,
あゆみクリニック,131016,東京都,千代田区,35.695347,139.76535,03-5577-5253,https://www.ayumiclinic.com,101-0052,東京都千代田区神田小川町1-10-3 保坂ビル7F,有,"月・火・木 11:30-14:00 17:00-20:00
土 11:30-14:00",有,
"医療法人社団授生会 杉村レ
ディ-スクリニック",131016,東京都,千代田区,35.689255,139.732758,03-3264-8686,https://www.ivf-baby.org,102-0076,東京都千代田区五番町2 横山ビルB1F,有,"平日 8:30-19:00
土 8:30-13:00",有,
"医療法人財団健貢会 東京クリ
ニック",131016,東京都,千代田区,35.685474,139.767288,03-3516-7151,http://www.tokyo-cl.com,100-0004,"東京都千代田区大手町2-2-1 新大手町ビル1F・地下
1F・地下2F","有
婦人科","月・木・金 11:00-12:00 15:00-16:30
火 11:00-12:0014:00-16:30
水 11:30-12:00 15:30-16:30
土 11:30-12:00",有,
霞ヶ関土居美佐クリニック,131016,東京都,千代田区,35.670513,139.754822,03-3519-5079,http://doimisa-clinic.com/,100-0011,"東京都千代田区内幸町2-2-1 日本プレスセンタ-ビ
ルB1",有,"月・火・木・金・第4水 10:30-13:00 15:00-18:30
第1・2・3 15:00-18:30",有,
前田医院,131024,東京都,中央区,35.670139,139.772247,03-3541-0396,,104-0045,東京都中央区築地1-3-6,有,"月・火・水・金 9:30-13:00 15:00-18:00
土 9:30-13:00",有,
"医療法人社団進興会 東京ダイ
ヤビルクリニック",131024,東京都,中央区,35.674652,139.784531,03-3551-7737,https://www.daiya-clinic.jp/,104-0033,"東京都中央区新川1-28-25 東京ダイヤビルディング
3号館-1F",有,"月 14:00-17:00
木 9:00-12:30 初診の方12:30",有,
"医療法人社団春音会 はるねク
リニック銀座",131024,東京都,中央区,35.674572,139.767181,03-5250-6850,http://www.haruneclinic.com/,104-0061,"東京都中央区銀座1-5-8 ギンザウィロ-アベニュ-ビ
ルディング6F","有
婦人科","月・火・水・金 9:30-17:00
土 9:30-14:00
木 12:00-19:00","無
院外処方",URL(リンク切れ)
"医療法人社団 銀座レディ-ス
クリニック",131024,東京都,中央区,35.671097,139.765503,03-3535-1117,http://www.ginzaladies.com,104-0061,東京都中央区銀座4-6-11 銀座センタ-ビル6F,有,"月・火・水・金 9:00-18:00
木・土 9:00-12:30",有,
勝どきウィメンズクリニック,131024,東京都,中央区,35.658783,139.777969,03-3536-7723,http://www.kachidoki-women.com/,104-0054,東京都中央区勝どき2-10-4宮野海運ビル4F,有,"平日 8:45-12:30 14:45-17:30
土 8:45-12:30",有,
安江レディ-スクリニック,131024,東京都,中央区,35.685596,139.779739,03-3667-0085,http://www.yasuelc.com,103-0024,東京都中央区日本橋小舟町15-15 ルネ小舟町ビル4F,有,"月・火・木・金 10:00-13:00 15:00-17:30
水 10:00-13:00",有,
"医療法人三秀会 八重洲中央
クリニック",131024,東京都,中央区,35.681145,139.771561,03-3270-1121,http://www.centralclinic.or.jp,103-0027,東京都中央区日本橋3-1-2 NTA日本橋ビル9F,有,"月・火・水 10:00-12:00 14:30-18:00
木・金・土 10:00-12:00 14:30-17:00",有,
"医療法人社団わかと会 リバ-
シティクリニック東京",131024,東京都,中央区,35.669807,139.784775,03-6219-5100,https://rivercity-clinic.jp/,104-0051,東京都中央区佃1-11-8 ピアウエストスクエア2F,有,火・水・木 9:30-17:00,有,
"医療法人社団新宿レディ-スク
リニック会 東京レディ-スクリ
ニック",131024,東京都,中央区,35.679356,139.771011,03-3342-1971,https://www.tokyo-ladies.jp/,104-0031,東京都中央区京橋1-1-5 セントラルビル5F,"有
産婦人科",平日・土・日・祝 9:30-19:00,有,URL(リンク切れ)
"医療法人鉄蕉会 亀田京橋クリ
ニック",131024,東京都,中央区,35.676559,139.768524,03-3527-9100,"http://www.kameda-
kyobashi.com/ja/index.html",104-0031,"東京都中央区京橋3-1-1 東京スクエアガ-デンビル4
階・6階",有,"平日 9:00-13:30 14:00-18:30
土 10:30-13:30 15:00-17:00",無,URL(リンク切れ)
"医療法人社団菫青会 茅場町
いとう医院",131024,東京都,中央区,35.67979,139.780792,03-6667-0198,www.kayabacho-itoiin.jp,103-0025,東京都中央区日本橋茅場町1-13-15 新居ビル3階,有,"平日 10:00-13:30 15:30-18:00
ウェブサイトより予約可",有,
"医療法人社団 楠原ウィメンズ
クリニック",131024,東京都,中央区,35.671497,139.764404,03-6274-6433,https://www.kusuhara-womens.jp/,104-0061,東京都中央区銀座5-6-2 銀座七宝ビル6F,有,"月・火・水・金 9:00-13:00 15:00-18:30
木・土 9:00-13:00",有,
KISHI CLINICA FEMINA,131024,東京都,中央区,35.668976,139.760559,03-5537-7171,www.kishiclinicafemina.jp,104-0061,"東京都中央区銀座8-5-6 並木通り 中島商事ビル5
階",有,"月・火・木・金 18:30-22:00
水・土 14:00-17:30 18:30-22:00
日・祝 9:30-13:00 14:00-17:30 18:30-22:00",有,
銀座吉田医院,131024,東京都,中央区,35.673775,139.766342,03-3561-5537,http://www.yoshida-iin.com/,104-0061,"東京都中央区銀座2-4-8 GINZA YUKI BLD.8F・
9F",有,"月・火・木・金 10:00-13:00 15:00-18:00
第2・4 土 10:00-13:00 完全予約制",有,
こやまレディ-スクリニック,131024,東京都,中央区,35.65929,139.775238,03-5859-5975,http://koyama-lc.com/,104-0054,東京都中央区勝どき3-3-6 勝どき田窪ビル2F,有,"平日 9:30-12:30 14:30-18:30
土 9:00-13:30 14:30-17:00",有,
"銀座こうのとりレディ-スクリ
ニック",131024,東京都,中央区,35.675018,139.766205,03-5159-2077,https://ginzakounotori.com/,104-0061,東京都中央区銀座1-3-9 マルイト銀座ビル7F,有,"月・火・木・金 10:00-12:00
土 11:00-13:00",有,URL(リンク切れ)
"医療法人舘出張 佐藤会
フィ-カ レディ-スクリニック",131024,東京都,中央区,35.681751,139.773468,03-6910-3977,http://fika-lc.jp/,103-0027,"東京都中央区日本橋2-5-1 日本橋高島屋三井ビル
ディング10F 1001号室",有,"月 8:30-19:00
水 8:30-17:00
火・木・金 9:30-19:00",有,
EASE女性のクリニック,131024,東京都,中央区,35.673393,139.7771,03-3206-1112,https://ease-clinic.jp,104-0042,"東京都中央区入船1-1-24 ドルフィンKOTO入船ビル
5F",有,"月・火・木・金 9:00-18:30
水 9:00-13:30
土 9:00-14:00",有,
"医療法人社団 銀座ウィメンズ
クリニック",131024,東京都,中央区,35.669079,139.764389,03-5537-7600,http://www008.upp.so-net.ne.jp/ivfginza/,104-0061,東京都中央区銀座6-12-13 大東銀座ビル4F,有,"月・火・水・金 9:00-13:30 15:00-18:30
土 9:00-13:30",有,URL(リンク切れ)
慈恵医大晴海トリトンクリニック,131024,東京都,中央区,35.655556,139.78183,03-3531-3211,http://www.hosp.jikei.ac.jp/harumi,104-0053,"東京都中央区晴海1-8-8 晴海アイランドトリトンスクエ
アオフィスタワ-W3F",有,"火・金 9:00-11:30
水 9:00-11:30 14:00-17:30",無,
"医療法人社団央美会 銀座す
ずらん通りレディスクリニック",131024,東京都,中央区,35.66988,139.763412,03-3569-7711,http://huninsho.com/,104-0061,東京都中央区銀座6-9-7 近畿建物銀座ビル8F,有,月・火・木・金・土 10:00-18:00,有,
アイル女性クリニック,131024,東京都,中央区,35.664883,139.783493,03-3534-0803,http://i-ll-clinic.com,104-0052,東京都中央区月島1-8-1 アイマ-クタワ-203,"有
産科・婦人科","月・火・木・金 9:30-16:00
土 9:30-11:00",有,
"医療法人社団すずらん せいこ
レディ-スクリニック銀座",131024,東京都,中央区,35.671013,139.760742,03-5568-3128,https://www.seikoginza.com/,104-0061,東京都中央区銀座7-2-4 ムサシ7ビル4F,有,"平日 9:30-20:00
土・日・祝 9:30-15:00",有,URL(リンク切れ)
"医療法人社団ウィミンズ・ウェル
ネス 対馬ルリ子女性ライフクリ
ニック銀座",131024,東京都,中央区,35.673607,139.767334,03-3538-0270,http://w-wellness.com/,104-0061,東京都中央区銀座2-6-5 銀座トレシャス7F,有,"月:10:00~18:00
火~土:10:00~17:30
日曜祝日は休診",有,
東日本橋レディ-スクリニック,131024,東京都,中央区,35.691093,139.781021,03-6661-6658,https://higashinihonbashi-lc.com/,103-0011,"東京都中央区日本橋大伝馬町13-8
メディカルプライム日本橋小伝馬町4階",有,"月・水・金 10:00-20:00
火・木 10:00-17:00",有,
"医療法人社団康寿会 堀産婦
人科",131032,東京都,港区,35.632874,139.732086,03-3449-3541,https://www.hori3541.or.jp,108-0074,東京都港区高輪3-7-8,有,"平日 9:00-12:30 16:00-18:30
土 9:00-13:00",有,
"医療法人社団健勝会 港三田
クリニック",131032,東京都,港区,35.648643,139.746155,03-3456-3391,https://www.minatomitaclinic.net,108-0014,東京都港区芝5-16-1 千代ビル3階,有,"月・火・水・金 10:00-12:30 14:00-17:30
土 10:00-12:30",有,
"医療法人社団 神田第二クリ
ニック",131032,東京都,港区,35.660187,139.725876,03-3402-0654,http://kanda2nd.com,106-0031,東京都港区西麻布3-20-14 梅田ビル2F,"有
産婦人科・内科","平日 9:00-12:30 14:00-16:30
土・日・祝 休診",有,
中井診療所,131032,東京都,港区,35.668293,139.714828,03-3401-2055,,107-0061,東京都港区北青山3-3-7-102,"有
婦人科",平日 8:00-12:00,有,
広尾かなもりクリニック,131032,東京都,港区,35.653286,139.722626,03-6408-0652,http://kanamori-clinic.com/,106-0047,東京都港区南麻布5-10-24 第2佐野ビル4F,有,"月 14:00-19:30
火・水 9:00-17:00",有,
泉ウィメンズクリニック,131032,東京都,港区,35.662231,139.714432,03-3400-1213,http://izumi-womenns.jp/,107-0062,東京都港区南青山5-4-3 南青山泉ビル3F,"有
婦人科","平日 9:00-17:40
土 9:00-12:40",有,URL(リンク切れ)
"ピンクリボン ブレストケアクリ
ニック 表参道",131032,東京都,港区,35.665234,139.711334,03-3407-7373,http://pinkribbon-brestcure.com/,107-0061,東京都港区北青山3-6-19 バイナリ-北青山2F,有,"月・火・水・金 10:00-19:00
木・土 9:30-17:30",有,URL(リンク切れ)
"白金高輪海老根ウィメンズクリ
ニック",131032,東京都,港区,35.644142,139.735092,03-5789-2590,http://ebine-womena-clinic.com,108-0074,東京都港区高輪1-2-17 高輪梶ビル5F,有,"平日 8:30-19:00
土・日・祝 8:30-17:00",有,URL(リンク切れ)
"医療法人社団清陵会 丸茂レ
ディ-スクリニック",131032,東京都,港区,35.664543,139.739487,03-5575-5778,http://www.marumo-ladies.jp,106-6004,東京都港区六本木1-6-1 泉ガ-デンタワ-4F,有,"月・火・水・金 10:00-13:00 15:00-18:00
土 10:00-13:00 15:00-17:00",有,
美馬レディ-スクリニック,131032,東京都,港区,35.673473,139.73735,03-6277-7397,http://www.mima-ladies.com/,107-0052,東京都港区赤坂3-13-13 中村ビル4F,有,"月・火・水・金 10:00-19:00
土 10:00-14:00",有,
"お台場海浜公園 虹橋クリニッ
ク",131032,東京都,港区,35.630127,139.780258,03-3529-2284,,135-0091,東京都港区台場2-2-4 台場クリニックモ-ル2F,"有
婦人科","平日 10:00-13:30 15:00-17:00
土 10:00-13:00",有,
"医療法人社団オリ-ブ会オリ-
ブレディ-スクリニック麻布十番",131032,東京都,港区,35.65749,139.732513,03-6804-3208,http://oliveladies.com/azabu/,106-0045,"東京都港区麻布十番1-5-18 カ-トブラン麻布十番3
F",有,"平日 9:00-18:00
土・日 9:00-16:00",有,URL(リンク切れ)
"社会福祉法人恩賜財団母子愛
育会総合母子保健センタ- 愛
育クリニック",131032,東京都,港区,35.652748,139.727524,03-3473-8310,http://www.aiiku.net/clinic/,106-8580,東京都港区南麻布5-6-8,有,平日 9:00-12:00,有,URL(リンク切れ)
浜松町大門レディ-スクリニック,131032,東京都,港区,35.655102,139.754761,03-6403-4105,http://www.hamadai-ladies.com,105-0013,東京都港区浜松町2-2-15 浜松町ゼネラルビル8F,"有
産科・婦人科","平日 11:00-20:00
土 11:00-16:00",有,URL(リンク切れ)
高輪台レディ-スクリニック,131032,東京都,港区,35.632393,139.73111,03-3441-1377,http://takanawadai-lc.com/,108-0074,東京都港区高輪3-8-17 TK高輪ビル3F,有,"平日 10:00-13:00 15:00-18:00
土 10:00-15:00",有,
ジェネラルクリニック,131032,東京都,港区,35.662449,139.731354,03-3401-0333,http://general-clinic.tokyo,106-0032,東京都港区六本木6-1-8 六本木グリ-ンビル8F,"有
婦人科","平日 10:30-18:30
土 11:00-19:00(不定休)
日 11:00-19:00",有,
赤坂虎の門クリニック,131032,東京都,港区,35.669594,139.742661,03-3583-8080,https://akatora-clinic.com,107-0052,"東京都港区赤坂1-8-1 赤坂インタ-シティAIR地下1
F",有,月・火・木・金 8:30-13:00 14:00-16:30,有,
東京AMHクリニック銀座,131032,東京都,港区,35.667171,139.760086,03-3573-4124,www.amh.clinic,105-0004,"東京都港区新橋1-9-5 新橋M-SQUARE Bright
2F",有,"月・火・水・木 9:00-12:00 15:00-19:00
水・土・祝 9:00-12:00",有,
"医療法人社団セイント会 セイ
ントメディカルクリニック",131032,東京都,港区,35.671204,139.723312,03-5772-6881,http://www.saint.or.jp,107-0062,東京都港区南青山2-4-12 南青山アサヒビル3F,"有
婦人科","月・火・木・金 10:30-14:00 16:00-20:00
水 16:20:00
土 10:30-14:00 完全予約制",有,
"医療法人社団宗友会 パ-ク
サイド広尾レディスクリニック",131032,東京都,港区,35.654465,139.722473,03-5798-3470,http://www.ladies-clinic.or.jp/,106-0047,東京都港区南麻布5-1-11 Qiz広尾3F,有,"月・火・水・金 9:30-18:00
土 10:00-17:00",有,URL(リンク切れ)
"医療法人社団ケアリ-ジェン
シ- 六本木ヒルズクリニック",131032,東京都,港区,35.660206,139.729202,03-3796-0066,http://www.66clinic.com/,106-6106,東京都港区六本木6-10-1 六本木ヒルズ森タワ-6階,有,"月・火・水・木 10:00-12:30 14:30-17:30
金 10:00-12:30",有,
"医療法人社団神徳会 芝公園
かみやまクリニック",131032,東京都,港区,35.651993,139.751419,03-6414-5641,s-kamiyamaclinic@jcom.home.ne.jp,105-0014,東京都港区芝2-9-10 ダイユウビル1F,有,"月・火・金 10:00-13:00 16:00-18:30
水 10:00-13:00 16:00-17:00
木 16:00-18:00
土 10:00-13:00",有,URL(リンク切れ)
"麻布十番つのだレディ-スクリ
ニック",131032,東京都,港区,35.654938,139.736694,03-5730-1115,kanja.jp/020914.html,106-0045,東京都港区麻布十番2-20-7 稲川ビル4F,有,"火・水・木・金 11:00-17:00
土 11:00-15:00",有,
"医療法人社団 いわきたえこレ
ディ-スクリニック",131032,東京都,港区,35.668629,139.755844,03-3593-6321,http://iwaki-lc.jp,105-0004,東京都港区新橋1-18-19 キムラヤオオツカビル3F,有,"月・水・木 11:00-13:30 16:00-19:30
火・金・土 11:00-13:30",有,
"アヴェニュ-ウィメンズクリニッ
ク",131032,東京都,港区,35.663563,139.731369,0120-766-649,https://www.aw-clinic.com,106-0032,東京都港区六本木7-14-7 トリニティビル4F,有,"平日 11:00-20:00
日 11:00-20:00",有,URL(リンク切れ)
"医療法人社団まなみウィメンズ
麻布十番まなみウィメンズクリ
ニック",131032,東京都,港区,35.65749,139.732513,03-3405-0928,http://www.azabuwomens-cl.com/,106-0045,"東京都港区麻布十番1-5-19 ラトリエ・メモワ-ルビル
2F",有,"月・火・木 11:00-14:00 15:00-19:00
金 11:00-14:00 15:00-20:00
土 10:30-15:30",有,
"一般社団法人日本家族計画協
会市谷クリニック",131040,東京都,新宿区,35.692955,139.73587,03-3235-2694,,162-0843,東京都新宿区市谷田町1-10 保健会舘新館,有,"火 13:30-18:30
第2土 10:00-15:30
(平日 9:00-17:00 応相談)",有,
"医療法人社団柏葉会 高村医
院",131040,東京都,新宿区,35.688141,139.719894,03-3351-3610,https://www.takamura-iin.com/,160-0004,東京都新宿区四谷3-10,有,月・火・水・木・金 9:00-12:00 14:00-18:00,有,
竹下医院,131040,東京都,新宿区,35.713539,139.707245,03-3200-1281,無,169-0075,東京都新宿区高田馬場2-14-22,有,"月・木・金 9:00-12:00 16:00-18:00
火・土 9:00-12:00",有,URL(リンク切れ)
かわかた医院,131040,東京都,新宿区,35.701694,139.704987,03-3200-0028,,169-0072,東京都新宿区大久保2-18-16,"有
産婦人科","平日 10:00-12:30 14:00-18:00
土 10:00-12:30",有,
福島医院,131040,東京都,新宿区,35.712631,139.70784,03-3209-1301,,169-0075,東京都新宿区高田馬場2-13-15,有,月・火・水・木・金 9:30-12:00,有,
林医院,131040,東京都,新宿区,35.701244,139.702499,03-3204-1203,,169-0072,東京都新宿区大久保1-16-13 三和ビル3F,有,月・火・木・金 9:30-13:00 14:30-17:30,有,
"医療法人社団ウィミンズ・ウェル
ネス 女性ライフクリニック新宿",131040,東京都,新宿区,35.691074,139.704651,03-6273-1220,http://w-wellness.com/,160-0022,東京都新宿区新宿3-14-1 新宿伊勢丹地下2F,有,"火~日:11:00~19:00
月曜は休診(月曜が祝日の場合は翌日)
ご来院前にホ-ムペ-ジやお電話でご確認ください",有,
"医療法人社団白千代会 貴子
レディ-スクリニック",131040,東京都,新宿区,35.698166,139.697693,03-5386-1155,http://www.takako-ladies.com,169-0073,東京都新宿区百人町1-24-2 カメリアコ-ト新宿2F,"有
婦人科","平日 10:00-13:00 15:00-18:00
土 10:00-13:00 15:00-17:30",有,
神楽坂レディ-スクリニック,131040,東京都,新宿区,35.701912,139.738419,03-5579-2198,http://kagurazaka-lady-clinic.com,162-0825,東京都新宿区神楽坂5-32 近江屋ビル4F,"有
婦人科","月・水・金 9:30-13:00 15:00-18:00
土 9:30-14:00",有,
なでしこ女性診療所,131040,東京都,新宿区,35.708923,139.708923,03-6233-8228,https://nadeshiko-women.com/,169-0075,東京都新宿区高田馬場1-1 メトロシティ西早稲田2F,有,"月・火・木・金 9:30-12:45 14:30-18:15
水 9:30-12:45
土 9:30-11:45 13:00-15:45",有,
まきレディスクリニック,131040,東京都,新宿区,35.711582,139.704941,03-6457-6123,https://maki-lc.jp/,169-0075,東京都新宿区高田馬場1-28-18 和光ビル2F,有,"月・水・金 10:00-19:00
木 10:00-13:30
土 10:00-17:00",有,
"医療法人社団しらゆき ジャスミ
ンレディ-スクリニック新宿",131040,東京都,新宿区,35.691292,139.703674,03-5315-4920,https://jlc.tokyo/,160-0022,東京都新宿区新宿3-30-11 新宿高野第二ビル4F,有,月・火・木・金・日 11:00-14:00 16:00-20:00,有,
"新宿駅前さくらレディ-スクリ
ニック",131040,東京都,新宿区,35.693432,139.698669,03-5989-0022,https://www.shinjyuku-sakura.jp/,160-0023,東京都新宿区西新宿1-3-17 新宿第1アオイビル9F,有,"平日 11:00-15:00 17:00-22:00
土・日・祝 11:00-18:00",有,URL(リンク切れ)
ケイ・レディ-スクリニック新宿,131040,東京都,新宿区,35.691788,139.696381,03-3343-9555,www.klcs.jp,163-0605,東京都新宿区西新宿1-25-1 新宿センタ-ビル5F,有,"月・木・金・土 11:00-12:30 14:30-18:30
日 11:00-12:30 14:30-17:30",有,
"医療法人社団SK医新会 曙橋
レディ-スクリニック",131040,東京都,新宿区,35.692268,139.721863,03-5919-8828,http://www.aklady.com/,162-0065,東京都新宿区住吉町1-12 新宿曙橋ビル2F,有,"平日 10:00-12:30 15:30-18:30
土 10:00-12:30",有,
"医療法人社団新宿レディ-スク
リニック会 新宿レディ-スクリ
ニック",131040,東京都,新宿区,35.692986,139.693329,03-3340-1971,https://www.1971fujinka.jp/,163-1332,"東京都新宿区西新宿6-5-1 新宿アイランドタワ-32
階","有
産婦人科",平日・土・日・祝 9:30-19:00,有,
近藤医院,131059,東京都,文京区,35.73394,139.75293,03-3821-1804,http://www.catnet.ne.jp/h-kondo/,113-0021,東京都文京区本駒込5-60-6,有,"月・水・木・金・土 9:00-13:00 15:00-18:30
火 9:00-13:00",有,URL(リンク切れ)
一宮クリニック,131059,東京都,文京区,35.706036,139.759918,03-3818-5371,www.ichimiyaclinic.com,113-0033,東京都文京区本郷2-27-8 太陽館ビル1F,"有
産婦人科","月・火・金 9:30-18:30
水・木・土 9:30-13:00",有,URL(リンク切れ)
"医療法人社団光樹会 白山レ
ディ-スクリニック",131059,東京都,文京区,35.720646,139.751846,03-5689-3070,http://hakusanladies.com/,112-0001,東京都文京区白山5-36-9 白山麻の実ビル9F,有,"平日 9:30-13:00 14:30-18:15
土 9:30-13:00",有,
サン・ヒルレディ-スクリニック,131059,東京都,文京区,35.725014,139.759918,03-3823-8828,http://.www.sunhill-lc.net,113-0022,東京都文京区千駄木5-3-10-2F,"有
産婦人科","平日 10:00-12:30 14:45-17:45
土 10:00-12:30",有,URL(リンク切れ)
後楽園ウィメンズクリニック,131059,東京都,文京区,35.705872,139.754608,03-5689-5500,https://korakuen-womens.jp/,113-0033,東京都文京区本郷1-33-8 ハウス本郷ビル4F,有,"月・火・木・金 9:30-12:00 14:00-18:00
土 9:30-13:00",有,
かみやレディ-スクリニック,131059,東京都,文京区,35.72773,139.745834,03-5977-8811,https://kamiya-lc.com/,113-0021,東京都文京区本駒込2-10-7 濱田ビル1F,有,"月火水金 9時30分から12時30分、15時から19時
土 9時30分から12時30分、14時から17時",有,URL(リンク切れ)
"医療法人社団誠仁メディカル
誠ウイメンズクリニック",131059,東京都,文京区,35.709061,139.734268,03-3513-0355,http://www.sei-clinic.jp,112-0014,東京都文京区関口1-18-6 ユニ-ブル江戸川橋2F,有,"平日 10:00-13:00 13:00-18:30
土 10:00-13:30",有,
飯山医院,131067,東京都,台東区,35.720203,139.785217,03-3872-7873,,110-0013,東京都台東区入谷1-7-7,有,"月・水・木・金 9:30-12:00 15:30-17:30
火 9:30-12:00
土 9:30-11:30",有,
根津・谷中レディ-スクリニック,131067,東京都,台東区,35.719303,139.767654,03-3823-2346,http://nezuyanaka.jp/,110-0001,東京都台東区谷中1-1-16,有,火水金土 19時から21時,有,
"医療法人社団ル-チェ会 佐々
木医院",131067,東京都,台東区,35.721577,139.796066,03-3872-6776,http://www.sasakiiin-luce.jp,111-0032,東京都台東区浅草5-33-12,有,診療時間内,有,
あさくさ産婦人科クリニック,131067,東京都,台東区,35.714436,139.791214,03-3844-9236,http://www.asakusa-sanfujinka.jp,111-0035,東京都台東区西浅草3-2-5,有,"平日9:30-13:00、15:00-18:30
土曜日9:30-13:00",有,
"医療法人社団新宿レディ-スク
リニック会 上野レディ-スクリ
ニック",131067,東京都,台東区,35.709026,139.773102,03-5812-1971,https://www.ueno-ladies.jp/,110-0005,"東京都台東区上野2-7-13 JTB損保ジャパン日本興
亜上野共同ビル2F","有
産婦人科",平日・土・日・祝 9:30-19:00,有,
"医療法人社団悠俊会 上野皮
フ科・婦人科クリニック",131067,東京都,台東区,35.707966,139.779984,03-5842-1200,http://www.uenoderma.jp,110-0015,東京都台東区東上野1-7-12 徳永ビル2F,有,"月・火・水・金 9:30-19:00
木 9:30-12:30
土 9:30-13:00",有,
相生産婦人科医院,131075,東京都,墨田区,35.693478,139.799072,03-3631-0465,,130-0021,東京都墨田区緑1-7-7,"有
産科・婦人科","木 14:00-19:00
土 9:00-14:00",有,
"医療法人社団 あいウイメンズ
クリニック",131075,東京都,墨田区,35.697735,139.810532,03-3829-2522,https://www.ai-w.com/,130-0013,東京都墨田区錦糸1-5-14 サンヨ-堂錦糸ビル3F,有,月・火・水・金 10:00-12:30 15:00-18:00,有,
大倉医院,131075,東京都,墨田区,35.727737,139.817474,03-3611-4077,"https://www.doctors-search.com/c-
sumida/okuraiin/",131-0031,東京都墨田区墨田1-10-4,有,"平日 9:00-13:00 16:00-19:00
土 9:00-13:00",有,URL(リンク切れ)
あんずレディ-スクリニック,131075,東京都,墨田区,35.708912,139.804138,03-6456-1682,http://www.anzu-ladies.com/,130-0001,東京都墨田区吾妻橋2-3-9 ノエルビル2F,有,"月・火・木・金 10:00-12:30 15:00-18:30
土 9:00-12:30",有,
柳瀬クリニック,131083,東京都,江東区,35.668396,139.83313,03-3644-1971,,136-0076,"東京都江東区南砂7-1-25 南砂公園ガ-デニア206
号","有
産婦人科","月・火・木・金 9:00-11:30 15:00-18:00
土 9:00-13:30",有,
北砂クリニック,131083,東京都,江東区,35.68148,139.827454,03-3640-5341,,136-0073,東京都江東区北砂2-14-20,有,"平日 9:00-18:30
土 9:00-12:30",有,
百合レディスクリニック,131083,東京都,江東区,35.701168,139.825531,03-5627-3811,http://www2.odn.ne.jp/yuricl,136-0071,東京都江東区亀戸4-18-4 亀戸メディカルビル5F,有,"月・火・木・金 9:30-12:30 15:00-18:00
第2・4・5土 9:30-12:30",有,
"医療法人社団理仁会
ツインタワ-すみとしクリニック",131083,東京都,江東区,35.689758,139.812546,03-3635-0010,http://36350010.com/,135-0002,"東京都江東区住吉1-19-1 ツインタワ-すみとし住吉
館204",有,"月・火・木・金 9:30-12:30 15:00-18:30
水 9:00-12:30
土 10:00-13:00",有,
こさかレディ-スクリニック,131083,東京都,江東区,35.687462,139.797897,03-5638-6730,https://www.kosaka2014.jp/,135-0004,東京都江東区森下1-12-12,"有
産婦人科","平日 8:30-12:00 14:30-17:30
土 8:30-12:00
木 休診",有,
"医療法人社団東壽会 東峯婦
人クリニック",131083,東京都,江東区,35.669125,139.808334,03-3630-0303,,135-0042,東京都江東区木場5-3-10 東寿会ビル本館,有,"平日 9:00-11:30 13:30-17:00
土 9:00-12:00 13:30-15:30",有,
"東陽すずらんレディ-スクリニッ
ク",131083,東京都,江東区,35.670948,139.817413,03-5926-5688,,135-0016,東京都江東区東陽4-8-21 TSK第2ビル3F,"有
産婦人科","月・火・木・金・土 10:00-12:30
月・火・木・金 15:30-19:00 予約制",有,
江クリニック,131091,東京都,品川区,35.622414,139.724548,03-3491-3073,,141-0032,"東京都品川区大崎5-7-14 五反田ロイヤルハイツ10
1",有,"月・火 9:00-13:30
水・金 15:00-18:30
土 9:00-13:30",有,
不動前レディ-スクリニック,131091,東京都,品川区,35.625343,139.713684,03-3779-8711,https://fudomae.webnode.jp/,141-0031,東京都品川区西五反田5-11-13,有,"月・火・水・木・金・土 10:00-13:00
月・火・木・金 15:00-19:00",有,URL(リンク切れ)
らんレディ-スクリニック,131091,東京都,品川区,35.624855,139.731552,03-5792-5617,https://www.ran-ladies.com/,141-0001,"東京都品川区北品川6-5-27 セントラル品川御殿山6
F",有,"月・火・木・金 9:30-12:30 14:00-17:30
土 9:30-14:00",有,
さがらレディスクリニック,131091,東京都,品川区,35.629105,139.719772,03-5793-1400,https://sagara-clinic.com/,141-0021,東京都品川区上大崎3-14-35 山手ビル1F,有,"月・金 9:00-12:00 14:00-17:30
水 14:00-17:30
木 9:00-12:30",有,URL(リンク切れ)
角レディ-スクリニック,131091,東京都,品川区,35.608124,139.73584,03-5715-3883,,140-0011,東京都品川区東大井5-2-3おおい元気館302,"有
産婦人科","平日 9:30-12:30 15:00-18:00
土 9:30-12:30",有,
"医療法人社団雙葉会 はなお
かレディ-スクリニック",131091,東京都,品川区,35.589836,139.729431,03-5767-5285,https://www.hanaoka-ladiescclinic.com/,140-0003,東京都品川区南大井6-17-15 第二タジマビル3F,有,"月・水・木・金 9:30-13:00
月 16:00-19:00
水・木・金 15:00-19:00
土 9:30-16:00
予約制",有,URL(リンク切れ)
"医療法人社団JSK 田中レディ
スライフクリニック",131105,東京都,目黒区,35.633408,139.707291,03-3793-1997,https://tanaka-ladies.com/,153-0063,東京都目黒区目黒3-10-2,有,"平日 9:30-12:00 15:00-18:30
土 9:30-13:30",有,
中目黒レディ-スクリニック,131105,東京都,目黒区,35.645699,139.697617,03-3760-4664,https://www.nakameguro-lc.com/,153-0051,東京都目黒区上目黒1-16-8 クリスタルビル2F,有,"月・火・木・金 9:30-18:00
土 9:30-12:30",有,
森田レディスクリニック,131105,東京都,目黒区,35.644897,139.704468,03-3760-0256,morita-ic.com,153-0061,東京都目黒区中目黒1-1-18 イ-ストヒル2F,有,"月・火・水・金 9:30-17:30
木・土 9:30-12:30",有,URL(リンク切れ)
"医療法人社団晴晃会 育良クリ
ニック",131105,東京都,目黒区,35.644379,139.700027,03-3792-4103,https://www.ikuryo.or.jp/,153-0051,"東京都目黒区上目黒1-26-1 中目黒アトラスタワ-4
階・5階",有,"平日 9:00-18:00
土 9:00-16:00
日 9:00-11:00",有,
磯村クリニック,131105,東京都,目黒区,35.618988,139.671585,03-3723-8841,www.is-clinic.com,152-0023,東京都目黒区八雲1-10-17,有,"月・金 9:00-12:00 15:00-18:00
火・木 15:00-18:00
土 9:00-12:30",有,
"医療法人社団七花会 平田クリ
ニック",131105,東京都,目黒区,35.617893,139.676727,03-3717-7256,http://www.hi-gym.jp,152-0032,東京都目黒区平町1-26-20,有,"月・水・木・金 9:00-13:00 15:00-19:00
火 9:00-13:00
土 9:00-13:00 15:00-17:00",有,URL(リンク切れ)
イノウユキコ婦人クリニック,131105,東京都,目黒区,35.629498,139.692368,03-3760-0810,https://www.inou-cl.com/,152-0001,東京都目黒区中央町1-8-15 アパ-トメントイラカ1階,有,"月・火・水・金 10:00-11:30 15:00-18:30
土 10:00-11:30",有,URL(リンク切れ)
"医療法人社団 徳真会 とくお
かレディ-スクリニック",131105,東京都,目黒区,35.618099,139.675583,03-5701-1722,http://www.tokuoka-ladies.com,152-0031,"東京都目黒区中根1-3-1 三井住友銀行都立大学駅
前ビル6F",有,"月・火・水・金 10:00-13:00 15:00-19:00
土 9:00-12:00",有,
桜ウィメンズクリニック,131105,東京都,目黒区,35.629818,139.687103,03-5720-5121,https://sakura-w.jp/,152-0004,東京都目黒区鷹番2-15-18 パル学芸大1F,有,"火・水・木・金 9:00-16:30
土 9:00-14:00 (第1婦人科休診)",有,
"祐天寺ウィメンズヘルスクリニッ
ク",131105,東京都,目黒区,35.636456,139.694168,03-5708-5081,https://satoh-womenshealth.com/,153-0052,東京都目黒区祐天寺2-7-23 ラポルト祐天寺202,有,"月・火 8:00-12:30 15:00-18:00
木 9:00-12:30 15:00-19:30
金 9:00-12:30 15:00-19:00
土 9:00-14:00 (第1・3 ~16:00)",有,URL(リンク切れ)
"自由が丘ちあきレディ-スクリ
ニック",131105,東京都,目黒区,35.608795,139.671463,03-3723-1117,https://chiaki-lc.jp,152-0034,"東京都目黒区緑が丘2-24-15 コリ-ヌ自由が丘EST
1階B",有,"平日 9:30-12:30 15:00-18:30
土 9:30-13:00",有,
"医療法人社団香潤会 かおりレ
ディ-スクリニック",131105,東京都,目黒区,35.630127,139.684967,03-5704-2856,https://www.kaori-lc.jp/,152-0004,東京都目黒区鷹番3-11-8 コ-ト鷹番2F,有,"平日 10:00-13:00 15:00-17:30
土 10:00-13:00 15:00-17:30 第2土 10:00-12:30",有,
産婦人科野口医院,131113,東京都,大田区,35.582436,139.728271,03-3761-1331,www.myclinic.ne.jp〉noguchi,143-0016,東京都大田区大森北4-25-5,有,"月・火・木・金 9:00-12:00 16:00-19:00
土 9:00-12:00",有,URL(リンク切れ)
"医療法人社団松英会 馬込中
央診療所",131113,東京都,大田区,35.597046,139.707321,03-3775-5631,http://www.shoeikai.com/shinryo/sanfujinka/,143-0027,東京都大田区中馬込1-5-8,有,"月・水・木 9:00-17:30
金 14:00-17:30
第1・3・5土 9:00-12:30",有,
久が原産婦人科,131113,東京都,大田区,35.580246,139.685272,03-3755-0303,,145-0074,東京都大田区東嶺町29-11,有,"平日 9:00-18:00
土 9:00-12:00",有,
永石医院,131113,東京都,大田区,35.591606,139.682907,03-3728-0345,http://www.nagaishi-iin.com,145-0066,東京都大田区南雪谷2-10-2,有,"月曜日9:00-12:00
水曜日9:00-12:00 15:00-19:00
金曜日13:00-16:00
土曜日9:00-12:00(隔週)",有,
塩口産婦人科医院,131113,東京都,大田区,35.575329,139.679382,03-3758-3660,www.shioguchi-obgyn.com,146-0091,東京都大田区鵜の木2-16-10,有,"月・火・水・木・金・土 9:00-11:30
月・火・木・金 15:00-18:00",有,URL(リンク切れ)
梅屋敷産婦人科,131113,東京都,大田区,35.567013,139.726242,03-3732-3456,,144-0052,東京都大田区蒲田2-5-10,有,"金 14:00-18:00
土 9:00-13:00",有,
"医療法人社団月陽会 萩中診
療所",131113,東京都,大田区,35.55069,139.729721,03-3742-2477,https://haginaka-clinic.com,144-0047,東京都大田区萩中2-9-15,"有
産婦人科","月 9:00-11:30
木 9:30-12:00
火・木・土 9:00-12:00
金 9:00-12:00 13:00-17:00",有,
"医療法人社団暁明会 井上メ
ディカルクリニック",131113,東京都,大田区,35.568829,139.67923,03-3756-6278,http://www.kyomeikai-imc.com,146-0092,東京都大田区下丸子4-21-13 プレイスモ-ル2F,有,"月・火・水・金 10:00-13:00 15:00-18:30
土 10:00-15:00",有,
としこレディ-スクリニック,131113,東京都,大田区,35.560703,139.71666,03-5711-7373,www.toshiko-lc.com,144-0052,東京都大田区蒲田5-40-7 大塚ビル2F,有,"月・火・木・金・土 10:00-18:00
水・日・祝 休診",有,
"医療法人社団善方会 田園調
布オリ-ブレディ-スクリニック",131113,東京都,大田区,35.595795,139.667725,03-3721-8008,https://olive-lc.com/,145-0071,東京都大田区田園調布2-40-19 フォ-スDC2F,有,"月 10:00-13:00 15:00-18:00
火 10:00-13:00
水・木・金 10:00-13:00 15:00-19:00
土 10:00-13:00",有,
"医療法人社団一生会 平和島
レディ-スクリニック",131113,東京都,大田区,35.578453,139.732285,03-5763-0888,http://www.heiwajima-ladies.com/,143-0016,"東京都大田区大森北6-26-28 GOGOクリニックビル
5F",有,"月・火・木 10:00-20:00
水・金 10:00-17:00",有,
"医療法人社団BOH 伊藤メディ
カルクリニック",131113,東京都,大田区,35.562057,139.720596,03-3731-2122,https://www.ito-medical.com,144-0052,東京都大田区蒲田5-27-10 蒲田TKビル3F,"有
産婦人科","平日 9:30-17:00
土 9:00-15:00",有,
とちぎクリニック,131113,東京都,大田区,35.591141,139.723434,03-3777-7712,http://www.tochigiclinic-com,143-0023,東京都大田区山王2-19-8,"有
産婦人科","月・火・木・金 9:30-18:00
土 9:30-12:30",有,URL(リンク切れ)
"医療法人社団 高愛会 大鳥居
医院",131113,東京都,大田区,35.555683,139.73851,03-3741-0118,https://ootorii-iin.or.jp,144-0034,東京都大田区西糀谷3-8-16,有,"月・火・水・金 9:00-12:00 15:00-17:00
木・土 9:00-12:00",有,
"医療法人社団鶴松会 成城松
村クリニック",131121,東京都,世田谷区,35.640835,139.604752,03-5727-0878,https://www.seijo-keikoclub.com/,157-0073,東京都世田谷区砧8-23-3,有,"月・火・木 9:30-12:30 14:30-18:00
金 9:30-12:30
土9:30-12:30 13:30-17:00",有,
"医療法人社団 ロ-ズレディ-
スクリニック・2nd",131121,東京都,世田谷区,35.606762,139.652878,03-3703-5511,http://www.roseladiesclinic.jp,158-0082,東京都世田谷区等々力2-18-11,有,月~土 9:30-17:00,有,
三宅宮コパレディ-スクリニック,131121,東京都,世田谷区,35.610592,139.634857,03-3702-5800,,158-0093,東京都世田谷区上野毛3-23-22,有,"月火金 11時から14時、15時から19時
水 14時から19時
土 11時から14時
日祝 11時から13時(不定期)",有,
"三軒茶屋ペルソナレディ-スク
リニック",131121,東京都,世田谷区,35.64542,139.670319,03-5779-4888,https://persona-ladies.com/,154-0004,"東京都世田谷区太子堂4-26-12 くらしの友三軒茶屋
ビル5F",有,"月・水・木・土 10:00-13:00 15:00-19:00
火 16:00-20:00
日 9:00-13:00",有,
"医療法人社団十進会 波平レ
ディスクリニック",131121,東京都,世田谷区,35.65136,139.634109,03-5477-0236,,156-0052,東京都世田谷区経堂2-17-1,有,月・火・水・木・金・土 9:00-12:00 14:30-19:00,有,
藤田医院,131121,東京都,世田谷区,35.598843,139.667923,03-3721-0611,"https://www.sanfujinka-
navi.ne.jp/hospital.php?hid=46",158-0085,東京都世田谷区玉川田園調布1-8-1,有,"火・木・金 9:00-12:00 14:00-16:00 16:00-18:00(予約)
土 9:00-12:00",有,URL(リンク切れ)
"医療法人社団ウィング にしな
レディ-スクリニック",131121,東京都,世田谷区,35.626209,139.632843,03-5797-3247,www.nishina-clinic.com,158-0097,東京都世田谷区用賀4-5-20 アドバンス高荒2F,有,"平日 10:00-19:00
土 10:00-13:00",有,
用賀レディ-スクリニック,131121,東京都,世田谷区,35.63203,139.629349,03-5491-5137,http://www.llyoga-lady.com,158-0098,東京都世田谷区上用賀3-8-11,有,平日 9:30-19:00,有,URL(リンク切れ)
ナガイクリニック,131121,東京都,世田谷区,35.605507,139.668671,03-5731-9557,www.drnagais-clinic.com,158-0083,東京都世田谷区奥沢5-19-14,"有
婦人科","平日・土・日・祝 10:00-18:00
予約制",有,URL(リンク切れ)
"医療法人社団ひつじ会三軒茶
屋メリ-レディ-スクリニック",131121,東京都,世田谷区,35.643955,139.671661,03-5433-1162,http://merry-ladies-clinic.com/,154-0004,東京都世田谷区太子堂2-15-1 野村三軒茶屋ビル2F,有,"平日 9:30-19:00
土 9:00-12:30",有,
"医療法人社団藤慶会 藤沢クリ
ニック",131121,東京都,世田谷区,35.636284,139.587814,03-5727-1212,https://fujisawa-clinic.com/,157-0067,東京都世田谷区喜多見8-18-10 小泉ビル1F,"有
産婦人科","平日 9:00-17:30
土 9:00-12:00",有,
成城マタニティクリニック,131121,東京都,世田谷区,35.632664,139.605865,03-5727-5335,https://www.seijo-mc.com/,157-0066,東京都世田谷区成城1-1-2,有,"月・火・水・金 9:00-17:00
土 9:00-12:30",有,
菊池産婦人科,131121,東京都,世田谷区,35.655014,139.63443,03-3420-0727,https://kikuchisanfujinka.com/sp/index.html,156-0051,東京都世田谷区宮坂3-29-1,有,"月・火・水・金 9:00-12:00 15:00-18:00
土 9:00-12:00 13:00-14:00",有,URL(リンク切れ)
こまざわレディ-スクリニック,131121,東京都,世田谷区,35.631081,139.657196,03-6805-2881,www.kpmazawa-ic.com,154-0012,東京都世田谷区駒沢1-19-8 ア-バネスト駒沢2F,有,月・火・水・木 9:00-12:00 15:00-19:00,有,URL(リンク切れ)
めぐみウィメンズクリニック,131121,東京都,世田谷区,35.652794,139.636963,03-5426-1177,http://www.megumi-w-clinic.com,156-0051,東京都世田谷区宮坂3-13-6 すずらん会館202,有,"平日9:00-11:30,15:00-17:30
土曜 9:00-11:30",有,
池ノ上産婦人科,131121,東京都,世田谷区,35.66103,139.670593,03-3467-4608,https://www.sanfujin.com/,155-0031,東京都世田谷区北沢1-41-6,有,"平日 9:00-16:00
土 13:30-16:00",有,
依田レディスクリニック,131121,東京都,世田谷区,35.661842,139.666214,03-3469-0828,http://www.yoda-clinic.com/,155-0031,東京都世田谷区北沢2-26-3 小川ビル2階,有,月・火・木・金・土 10:00-12:30 14:00-17:00,有,
"医療法人社団 青木産婦人科
医院",131121,東京都,世田谷区,35.665287,139.638809,03-3327-0702,http://aoki-sanfujinka.jp,156-0044,東京都世田谷区赤堤5-30-15,有,"月・火・水・金 9:00-11:45 15:00-17:45
木・土 9:00-11:45",有,
ユリクリニック,131121,東京都,世田谷区,35.646198,139.622147,03-3706-8224,,156-0054,東京都世田谷区桜丘2-25-3,有,"平日 10:00-18:00
土 10:00-12:00",有,
"医療法人社団 冬城産婦人科
医院",131121,東京都,世田谷区,35.625175,139.649948,03-3701-5681,https://www.fuyukilc.or.jp,158-0081,東京都世田谷区深沢6-20-8,有,"月・火・水・金 9:00-12:00 14:00-18:00
木・土 9:00-12:00",有,
せきぐちクリニック,131121,東京都,世田谷区,35.649872,139.623795,03-3429-4181,www.sekiguchi-clinic.net,156-0055,東京都世田谷区船橋1-16-1,有,月・火・木・金 8:30-17:30,有,URL(リンク切れ)
広尾レディ-ス,131130,東京都,渋谷区,35.646912,139.711838,03-5447-2900,http://www.hiroo-ladies.com,150-0013,"東京都渋谷区恵比寿1-12-1 CRD Ebisu-1st 5
F",有,"平日 10:00-13:00 14:30-19:00
土 10:00-14:00",有,
"医療法人社団雄秀会 渋谷文
化村通りレディスクリニック",131130,東京都,渋谷区,35.660118,139.695877,03-5428-6118,https://www.shibuya-bunkamuradori-ladies.jp/,150-0043,東京都渋谷区道玄坂2-23-12 フォンティスビル5階,有,"月・水・木 10:00-13:00 15:0-19:00
土・日 10:00-15:00",有,
よよぎ女性診療所,131130,東京都,渋谷区,35.669102,139.690506,03-6804-8839,https://yoyogi-josei-45.com,151-0063,"東京都渋谷区富ケ谷1-8-3 安達ビジネス・パ-ク・ビ
ル 4F",有,"月・火・水・金 9:30-12:30 15:00-19:00
土 9:30-14:00",有,
"医療法人社団霞山会 MYメ
ディカルクリニック",131130,東京都,渋谷区,35.661064,139.700516,03-6452-5100,https://www.mymc.jp,150-0042,"東京都渋谷区宇田川町20-17 NMF渋谷公園通りビル
5F","有
婦人科","平日 9:00-12:00 13:00-16:30 18:00-20:15
土 9:00-12:00 13:00-16:30",有,
"医療法人社団新宿レディ-スク
リニック会 渋谷レディ-スクリ
ニック",131130,東京都,渋谷区,35.660442,139.706024,03-3346-1971,https://www.shibuya-ladies.jp/,150-0002,東京都渋谷区渋谷1-7-7 住友不動産青山通ビル2F,"有
産婦人科",平日・土・日・祝 9:30-19:00,有,
"医療法人社団しらゆき ジャスミ
ンレディ-スクリニック渋谷",131130,東京都,渋谷区,35.659752,139.702957,03-5778-3803,https://jlc.tokyo,150-0002,東京都渋谷区渋谷1-14-9 藤和宮益坂ビル10F,有,平日・土 11:00-14:00 16:00-20:00,有,
"千絵レディ-スクリニック代々木
上原",131130,東京都,渋谷区,35.669743,139.67984,03-5466-2277,www.chielc.com,151-0066,東京都渋谷区西原3-13-16 パリス代々木上原2F,"有
産婦人科・産科・婦人科","月・水 8:00-13:00
火・木 11:00-18:00
金 8:00-11:00
隔週土 8:00-11:00",有,
斉藤医院,131130,東京都,渋谷区,35.644604,139.720535,03-3441-9628,,150-0013,東京都渋谷区恵比寿3-45-13,有,"月・火・水・金 10:00-13:00 15:00-18:00
木・土 15:00-18:00",有,
"医療法人社団 敬亮会 木村レ
ディスクリニック",131130,東京都,渋谷区,35.646671,139.707275,03-3463-8832,https://www.kimura-ladies.com,150-0021,東京都渋谷区恵比寿西1-19-6,有,"平日 8:50-10:30 13:50-17:30
土 8:50-10:30",有,
"医療法人社団 新宿ウイメンズ
クリニック",131130,東京都,渋谷区,35.687851,139.69751,03-3370-5719,http://www.sinjuku-womens-clinic.com/,151-0053,東京都渋谷区代々木2-11-20 島津ビル3F,有,"月・水・木 10:00-13:00 14:00:18:00
火・金 10:00-13:00 14:00-19:00
土10:00-13:00",有,URL(リンク切れ)
"医療法人社団健豊会 西島クリ
ニック",131130,東京都,渋谷区,35.657013,139.704651,03-3400-3637,https://nishijima-lc.com/,150-0002,東京都渋谷区渋谷3-9-9東京建物渋谷ビル2階,有,"月・火・木・金 9:00-11:30 14:00-17:00
土 9:00-11:30",有,
こんどうクリニック,131130,東京都,渋谷区,35.657398,139.703613,03-3400-4111,www.kondou.clinic.com,150-0002,"東京都渋谷区渋谷3-18-5 佐藤エステ-トビル新館5
F","有
婦人科","月・火・水・金 10:00-12:40 16:00-19:40
木 16:00-19:40",有,URL(リンク切れ)
篠原クリニック,131130,東京都,渋谷区,35.678207,139.666031,03-3377-6633,http://scl.la.coocan.jp/,151-0073,東京都渋谷区笹塚3-58-18,有,"月・火・金 9:30-12:30 16:00-18:30
水 9:30-12:30 16:00-17:30
土 9:30-12:30",有,
東クリニック,131130,東京都,渋谷区,35.672932,139.666367,03-3481-0380,,151-0073,東京都渋谷区笹塚1-30-3 ビラ-ジュ笹塚3 4F,有,"月・火・木・金 9:30-11:00 14:30-18:00
土 9:30-11:00",有,
"医療法人社団ひさわ会 久野マ
インズタワ-クリニック",131130,東京都,渋谷区,35.686947,139.699448,03-3370-5906,https://www.hisano-clinic.com/,151-0053,東京都渋谷区代々木2-1-1 新宿マインズタワ-2階,有,平日・土 11:30-17:00,有,
"医療法人社団鳳凰会 フェニッ
クスメディカルクリニック",131130,東京都,渋谷区,35.678486,139.705582,03-3478-3535,http://www.phoenix.gr.jp,151-0051,東京都渋谷区千駄ケ谷3-41-6,有,"平日 9:00-18:00
土 9:00-13:00",有,
代官山レディ-スクリニック,131130,東京都,渋谷区,35.648918,139.701614,03-5458-0393,,150-0033,東京都渋谷区猿楽町23-7,有,月・火・水・金・土 10:00-12:30 14:30-17:30,有,
"ともこレディ-スクリニック表参
道",131130,東京都,渋谷区,35.66663,139.709961,03-5771-3781,https://tomokoclinic.com,150-0001,東京都渋谷区神宮前4-11-6 表参道千代田ビルB2F,有,"月・水・木 9:30-17:00 金 14:0-17:00
土 9:30-13:00 (不定休)",有,URL(リンク切れ)
渋谷橋レディ-スクリニック,131130,東京都,渋谷区,35.64999,139.709991,03-3409-0609,http://shibuyabashi-ladys.com/,150-0011,東京都渋谷区東3-15-12 第2アワヤビル2F,有,"火・水・木 10:00-13:00 14:30-17:00 18:00-21:00
金・土 10:00-13:00 14:30-17:00
日・月・第1金 休診",有,
酒井医院,131148,東京都,中野区,35.708324,139.681503,03-3371-6730,,164-0003,東京都中野区東中野3-6-13,有,"平日 8:00-12:00 15:00-19:00
土 8:00-12:00 15:00-18:00",有,
白石医院,131148,東京都,中野区,35.683224,139.671509,03-3384-5255,,164-0014,東京都中野区南台2-18-10,有,"月・火・木・金 9:00-12:00 15:00-18:00
水・土 9:00-12:00",有,
"医療法人社団千房会 新中野
女性クリニック",131148,東京都,中野区,35.69677,139.668533,03-3384-3281,http://www.snwomen.net/,164-0012,東京都中野区本町4-48-23,"有
産婦人科","月・火・木・金 10:00-12:30 15:00-19:00
水・土 10:00-12:30",有,
山田医院,131148,東京都,中野区,35.705193,139.669281,03-3384-3555,http://www.nakano-med.or.jp,164-0001,東京都中野区中野2-14-17,有,"月・火・木・金・土 9:00-12:00
火・金 15:00-17:30",有,
牧野産婦人科クリニック,131148,東京都,中野区,35.695965,139.682465,03-5350-3521,http://makino-shc.jp/,164-0012,東京都中野区本町2-46-1 サンブライトツイン3F,有,"月・火・水・金 9:30-13:30 16:00-19:00
木・土 9:30-13:30",有,
"医療法人社団 けい子レディ-
スクリニック表参道",131130,東京都,渋谷区,35.66436,139.707932,03-5766-3367,www.keiko-clinic.net,150-0001,東京都渋谷区神宮前5-45-8 ノ-スアオヤマ2F,有,"火・水・木・金 10:00-13:15 15:00-18:30
土 10:00-16:00 事前予約",有,
"医療法人社団MEDIAGE メ
ディア-ジュクリニック青山",131130,東京都,渋谷区,35.662743,139.709671,03-5464-6110,https://www.mediage-ladies.jp/,150-0001,東京都渋谷区神宮前5-51-8 ラ・ポルト青山7F,有,"平日 11:00-20:00
土・日・祝 11:00-20:00",有,
医療法人社団 寺内医院,131148,東京都,中野区,35.716217,139.670166,03-3386-2267,www.terauchi-iin.com,165-0026,東京都中野区新井5-31-1,有,"月・水・金 8:45-11:30 13:45-16:30
木・金 8:45-11:30",有,
野原産婦人科クリニック,131148,東京都,中野区,35.715427,139.671783,03-3386-2525,,164-0002,東京都中野区上高田3-39-12,"有
産婦人科","平日 9:00-12:00 15:00-18:00
木・土 9:00-12:00",有,
川勝医院,131148,東京都,中野区,35.712708,139.666626,03-3386-3351,,165-0026,東京都中野区新井1-37-3,有,月・火・水・金・土 9:00-12:00,有,
"医療法人社団赤恵会 赤川クリ
ニック",131156,東京都,杉並区,35.706581,139.615799,03-3391-6694,http://akagawaclinic.jp,167-0043,東京都杉並区上荻1-24-6,有,"月・水i・木・金 9:00-12:00 15:00-18:00
火・土 9:00-12:00",有,
"医療法人社団杉四会 杉山産
婦人科",131121,東京都,世田谷区,35.669197,139.661957,03-5454-8181,,156-0041,東京都世田谷区大原1-53-1,有,"平日 9:00-12:00 14:00-16:00
土 9:00-12:00",有,
河西産婦人科皮膚科医院,131156,東京都,杉並区,35.671955,139.625,03-3304-3508,http://kawanishi-sanfu.jp/,168-0073,東京都杉並区下高井戸5-4-21,有,"月・火・水・金・土 9:30-12:30
火・水 14:30-18:30
月・金 14:30-17:00",有,
医療法人社団北嶺会 林医院,131156,東京都,杉並区,35.708176,139.651657,03-3338-6826,,166-0002,東京都杉並区高円寺北2-35-13,有,"月・水・金・土 8:30-11:30
火・木 18:00-19:00",有,
市川クリニック,131156,東京都,杉並区,35.706196,139.650894,03-3337-2723,,166-0002,東京都杉並区高円寺北2-4-8,"有
産婦人科",月・水・金 17:30-21:00,有,
"医療法人社団碩和会 下平レ
ディスクリニック",131156,東京都,杉並区,35.698639,139.660309,03-5377-0834,https://www.shimodaira-ladies.com/,166-0003,東京都杉並区高円寺南1-4-12,有,"平日 8:45-18:00
土 8:45-14:00
時間外は緊急電話にて対応可能",有,
医療法人社団 窪田クリニック,131156,東京都,杉並区,35.707787,139.649109,03-6265-5791,www.sugi-kubota.com/,166-0002,東京都杉並区高円寺北3-25-20 S・Kビル1階,"有
婦人科","平日 10:00-12:40
土 10:00-12:30",有,
アトラスレディ-スクリニック,131156,東京都,杉並区,35.706146,139.64975,03-5327-6710,https://www.atlas-ladies.com,166-0002,東京都杉並区高円寺北2-6-4 泉ビル3F,有,"火・水・木・金 10:00-12:30 15:00-18:00
土 10:00-13:30",有,
こみちレディ-スクリニック,131156,東京都,杉並区,35.704098,139.619766,03-5335-7575,https://komichi-lc.jp/,167-0051,東京都杉並区荻窪5-27-5 中島第二ビル5F,"有
婦人科","月・火・木・金 9:00-12:00 15:00-19:00
水 9:00-12:00
土 9:00-13:00",有,
あおきウィメンズクリニック,131156,東京都,杉並区,35.704243,139.636887,03-5305-3535,http://www.aoki-womens.com/,166-0004,東京都杉並区阿佐谷南1-48-10 高橋ビル3F,"有
産婦人科","月・火・木・土 9:00-12:30 14:00-17:00
金 9:00-12:30",有,
"一般財団法人労働衛生協会
高井戸東健診クリニック",131156,東京都,杉並区,35.677917,139.614548,03-3331-6823,http://www.rodoeisei.or.jp,168-0072,東京都杉並区高井戸東2-3-14,有,受付時間 平日 9:00-11:30 14:00-15:00,"有
2回分",
きせきレディ-スクリニック,131156,東京都,杉並区,35.682148,139.626663,03-5316-3949,http://www.kiseki-lc.jp,168-0065,東京都杉並区浜田山3-34-3,有,"平日 9:00-12:00 15:00-18:00
土 9:00-12:00",有,
"医療法人社団新宿レディ-スク
リニック会 池袋レディ-スクリ
ニック",131164,東京都,豊島区,35.730129,139.714569,03-6911-1971,https://www.ikebukuro-fujinnka.jp/,170-0013,東京都豊島区東池袋1-10-1 住友池袋駅前ビル3F,"有
産婦人科",平日・土・日・祝 9:30-19:00,有,URL(リンク切れ)
"医療法人社団朱紡会 巣鴨レ
ディ-スクリニック",131164,東京都,豊島区,35.733738,139.739777,03-3916-2262,https://sugamo-lc.jp/,170-0002,東京都豊島区巣鴨2-5-12 真野ビル2F,有,"月・木・土 10:00-13:00 15:00-18:00
火 10:00-13:00
金 15:00-19:00",有,
"医療法人社団しらゆき ジャスミ
ンレディ-スクリニック池袋",131164,東京都,豊島区,35.729637,139.713699,170-0013,https://jlc.tokyo/,170-0013,東京都豊島区東池袋1-2-2 東池ビル5階,有,月・火・水・金・土曜 11:00-14:00 16:00-20:00,有,
"医療法人社団祐喜会 加塚医
院",131164,東京都,豊島区,35.738152,139.746689,03-3910-3811,https://www.kazuka.jp/,170-0003,東京都豊島区駒込2-5-5,有,"月・火・木・金 9:30-17:30
土・日・祝 9:30-12:30",有,
"医療法人社団絆 ア-バンハイ
ツクリニック",131164,東京都,豊島区,35.733242,139.739212,03-3946-6721,https://www.urban-heights-clinic.jp/,170-0002,"東京都豊島区巣鴨1-16-2 ア-バンハイツ巣鴨B棟1
階",有,月~土 9:00-12:30,有,
まの産婦人科,131164,東京都,豊島区,35.726452,139.73024,03-5940-0303,http://mano-sanfujinka.holy.jp,170-0005,東京都豊島区南大塚2-25-9 田口ビル1F,"有
産婦人科","月・水 12:00-19:00
火・土 9:00-14:00
木・金 9:00-19:00","有
5人分",
"医療法人社団 宜興会 西池袋
秀クリニック",131164,東京都,豊島区,35.727489,139.709305,03-5952-0066,www.syu-clinic.com,171-0021,"東京都豊島区西池袋1-2-1 クリフィックス スクエア2
F",有,"月・水・木・土 10:00-13:30 16:00-18:30
日・祝 10:00-13:30 15:00-17:30",有,URL(リンク切れ)
"医療法人社団芳精会 ぬかりや
レディスクリニック",131164,東京都,豊島区,35.726452,139.711548,03-3971-1131,http://www.nukariya-1c.com,171-0022,東京都豊島区南池袋1-16-20 ぬかりやビル8F,有,"平日9:00-11:30 14:00-17:30
土 9:00-12:30",有,URL(リンク切れ)
"医療法人社団雄秀会 池袋クリ
ニック",131164,東京都,豊島区,35.727787,139.706024,03-3982-6228,https://www.ikecli.com,171-0021,東京都豊島区西池袋2-35-8,有,"月・火・木・金 10:00-12:30 15:00-19:00
土 10:00-13:00",有,
クリニカ・アンジェラ,131164,東京都,豊島区,35.734512,139.738205,090-9200-8553,,170-0002,東京都豊島区巣鴨2-9-3 田中ビル303,有,"月・火 15:00-19:30
日 12:00-19:30",有,
安康レディ-スクリニック,131164,東京都,豊島区,35.733452,139.709518,03-3971-3544,www.ankoladies.com,171-0014,東京都豊島区池袋2-42-3 オスカ-ビル2F,"有
産婦人科","平日 10:00-13:00 15:30-19:00
土 10:-00-14:00",有,
山手大塚レディスクリニック,131164,東京都,豊島区,35.732189,139.728531,03-5907-6158,https://www.yamateladies.jp,170-0004,東京都豊島区北大塚2-13-1 G・H・Yビル7F,有,"火 10:00-20:00
水 9:00-19:00
木 10:00-19:00
金 9:00-20:00
土 9:00-18:00",有,
駒込山王クリニック,131164,東京都,豊島区,35.735649,139.748322,03-6304-1839,www.ksannoh.com,170-0003,"東京都豊島区駒込1-37-10 駒信インテリジェントビル
ディング1F",有,"平日 9:30-12:30 15:30-21:00
土 9:00-12:30",有,
"医療法人社団育和会 長橋産
婦人科",131164,東京都,豊島区,35.727932,139.689697,03-3959-0351,http://www.e-ladys-climic.com/,171-0051,東京都豊島区長崎2-5-7,有,"月・水・土 9:00-12:30 15:00-18:30
火・金 9:00-12:30",有,URL(リンク切れ)
"医療法人社団白ゆり会 しのざ
きクリニック",131164,東京都,豊島区,35.73093,139.683319,03-5966-2249,,171-0051,東京都豊島区長崎5-1-31 豊島ハイツ201,有,"火・木・金 12:30-18:00
水 15:00-19:00
土 10:00-12:30",有,
"医療法人社団愛慈会松本レ
ディ-スリプロダクションオフィス",131164,東京都,豊島区,35.7314,139.712708,03-6907-2555,,170-0013,東京都豊島区東池袋1-41-7 池袋東口ビル7階,有,,有,
板橋医院,131172,東京都,北区,35.745441,139.720886,03-3916-5670,http://itabashi-iin.com/,114-0023,東京都北区滝野川7-8-12,有,"月・火・水・木・金 9:00-12:00
月・火・水・金 15:00-19:00
木 15:30-19:00",有,
赤羽駅前女性クリニック,131172,東京都,北区,35.779297,139.721588,03-6903-9090,https://akabane-ekimaecl.com,115-0045,東京都北区赤羽1-13-1 ミドリヤビル4F,有,"平日 9:20-18:00
土 9:20-14:00",有,
スワンレディ-スクリニック,131172,東京都,北区,35.762691,139.738007,03-5944-6028,http://www.swan-lc.com/clinic.html,114-0002,東京都北区王子4-27-7,有,"月・水・土 9:00-11:30 13:00-15:30
火・木・金 9:00-11:30",有,
"医療法人社団生和会 赤羽レ
ディ-スクリニック",131172,東京都,北区,35.779442,139.724121,03-5249-5651,http://www.akabaneladys.jp/,115-0045,東京都北区赤羽2-13-1 花川ビル2F,有,"月・火・木・金 9:00-19:00
水・土 9:00-13:00",有,
"医療法人社団愛由会 中野レ
ディ-スクリニック",131172,東京都,北区,35.757038,139.737656,03-5390-6030,https://nakano-ladies.com/,114-0002,東京都北区王子2-30-6 末永ビル3F,有,"月・火・木 9:30-12:30 14:30-18:00
金 9:30-12:30
土9:30-12:30 14:00-17:00",有,
岩瀬クリニック,131172,東京都,北区,35.739494,139.76207,03-3809-6555,www.iwase-clinic.com,114-0013,東京都北区東田端1-14-1 田端クリニックモ-ル4F,有,"月・火・水・金 9:00-12:00 16:00-18:30
土 9:00-12:00",無,URL(リンク切れ)
女性とこころのクリニック,131180,東京都,荒川区,35.743229,139.781281,03-5855-1233,www.josei-kokoro.jp,116-0001,"東京都荒川区町屋1-1-9 メディカルセンタ-Medium
町屋4F",有,月・水・木・金 10:00-13:00 15:00-18:30,有,
あらかわレディ-スクリニック,131180,東京都,荒川区,35.745827,139.782745,03-6807-8867,http://www.arakawalc.jp,116-0001,東京都荒川区町屋1-8-8,有,"月・水・木・金 9:00-17:00
火・土 9:00-12:00",有,
吉田医院,131180,東京都,荒川区,35.725662,139.779022,03-3891-5760,http://www.yoshida-iin.net/,116-0014,東京都荒川区東日暮里4-36-23 吉田ビル2F,有,平日 8:30-16:00,有,URL(リンク切れ)
"医療法人社団 加藤産婦人科
医院",131180,東京都,荒川区,35.743908,139.779663,03-3895-3521,https://kato-gyne.gr.jp/,116-0001,東京都荒川区町屋2-9-21,有,"月・火・木・金 9:00-18:00
水・土 9:00-12:00",有,URL(リンク切れ)
宇津野レディスクリニック,131180,東京都,荒川区,35.735828,139.801926,03-3803-4107,http://utsuno.info/,116-0003,東京都荒川区南千住4-7-1 ビビ南千住3F,有,"平日 10:00-19:00
土 10:00-17:00",有,
"医療法人社団秀洋会 白十字
診療所",131180,東京都,荒川区,35.727901,139.771759,03-3802-3911,www.hakujuji-clinic.com,116-0013,東京都荒川区西日暮里2-19-10 日暮里KSビル3階,"有
産婦人科","平日 9:00-14:30 17:00-19:30
土 9:00-12:00",有,URL(リンク切れ)
"医療法人社団順風会 高島平
クリニック",131199,東京都,板橋区,35.782795,139.666519,03-3936-4164,http://takashimadaira-clinic.jp/,175-0082,東京都板橋区高島平1-12-11 1.2.3F,有,"月・火・水・金 9:00-18:00
土 9:00-17:00",有,
渡辺産婦人科医院,131199,東京都,板橋区,35.782486,139.663757,03-5399-3008,http://watanabe-sanfu-clinic.com/index.html,175-0082,東京都板橋区高島平2-3-14,有,"月火木金 9時から12時、14時30分から17時
土 9時から12時",有,URL(リンク切れ)
"医療法人社団 みえこ女性クリ
ニック",131199,東京都,板橋区,35.751926,139.71019,03-5943-1123,http://www.mieco-clinic.com,173-0005,東京都板橋区仲宿64-6 コスモ和光V2F,有,"月・木・金 13:00-19:00
火 14:00-20:00
水 16:00-20:00
土 13:00-17:00",有,URL(リンク切れ)
斎藤医院,131202,東京都,練馬区,35.743053,139.678558,03-3955-3511,,176-0004,東京都練馬区小竹町2-8-8,有,"月・火・水・金・土 9:00-11:30
月・火・水・金 17:00-19:00",有,
"医療法人社団健晟会 扇内医
院",131202,東京都,練馬区,35.733112,139.641403,03-3990-2111,http://www.ogiuchi.com,176-0024,東京都練馬区中村3-4-18,有,"平日 9:30-12:30 14:00-17:30
土 9:30-12:30
12月より平日 9:30-12:30 14:00-18:30",有,
"医療法人社団養生会 赤松レ
ディスクリニック",131202,東京都,練馬区,35.747314,139.662979,03-3991-8854,www.akamatsu-clinic.com,176-0002,東京都練馬区桜台3-41-14,有,"平日 8:30-18:00
土 8:30-12:00",有,
"医療法人社団憲信会 関根ウィ
メンズクリニック",131202,東京都,練馬区,35.754559,139.649841,03-3931-5588,http://www.sekine-clinic.or.jp,179-0085,東京都練馬区早宮2-24-10,"有
産婦人科","平日 8:30-17:30
土 8:30-13:00",有,
"医療法人社団向笑会 花岡由
美子女性サンテクリニック",131202,東京都,練馬区,35.746773,139.586304,03-5947-3307,,178-0063,東京都練馬区東大泉5-29-8,有,月・火・木・金・土 9:30-12:00 15:00-18:00,有,
たかみクリニック,131202,東京都,練馬区,35.741879,139.647461,03-5984-5122,http://takami-cl.jp/,176-0001,東京都練馬区練馬4-10-10,有,"平日 9:00-12:30 15:30-19:00
土 9:00-12:30",有,
ウィ-ト女性クリニック北千住,131210,東京都,足立区,35.749676,139.80101,03-3888-1001,https://www.wonens-kitasenju.net,120-0034,東京都足立区千住2-18 為静ビル2F,有,"平日 9:30-17:00
土(第2・4) 9:30-13:00",有,URL(リンク切れ)
"医療法人社団向仁会 真島クリ
ニック",131210,東京都,足立区,35.764233,139.788055,03-3849-4127,majimacl.@xqj.biglobe.ne.jp,123-0852,東京都足立区関原1-21-2,有,"月・火・木・金 9:00-12:00 15:00-17:00
土 9:00-12:00",有,URL(リンク切れ)
小金井クリニック,,,,35.802498,139.769211,03-3855-5211,,121-1210,東京都足立区入谷1-10-21,有,"月・火・水・金 9:00-12:00 14:00-17:00
土 9:00-12:00","無
調剤薬局へ依頼の為",郵便番号
"医療法人社団なずな会 池上レ
ディ-スクリニック",131210,東京都,足立区,35.799835,139.782272,03-5838-0228,http://www.ikegami-lady.com,121-0823,東京都足立区伊興5-6-8,有,"月・火・木・金 9:00-12:00 14:00-17:00
水・土 9:00-12:00",有,
矢追医院,131210,東京都,足立区,35.770073,139.762894,03-3890-3387,http://www.yaoi.org,123-0872,東京都足立区江北2-33-6,有,"月 9:30-17:00
火・木 9:30-18:00
土 12:00-19:30
日・祝0:00-17:30",有,URL(リンク切れ)
医療法人社団 長門クリニック,131210,東京都,足立区,35.768375,139.854446,03-3605-3131,https://www.nagato-clinic.or.jp/,120-0002,東京都足立区中川2-5-8,有,"平日 9:00-16:00
土 9:00-15:00",有,
"くすの木レディ-スクリニック北
千住",131210,東京都,足立区,35.75119,139.800262,03-6806-2500,www.kusunoki.tokyo,120-0034,東京都足立区千住3-1 藤田ビル2階,有,"平日 9:30-17:30
土 9:30-17:30",有,
"医療法人社団慶暢会 中村医
院",131229,東京都,葛飾区,35.714954,139.862656,03-3654-9237,,124-0024,東京都葛飾区新小岩2-35-4,有,"月・火・水・金 9:00-12:30 14:00-18:00
土 9:00-12:30","有
数人分",
"医療法人社団聖マリア会 東京
フェリシアレディ-スクリニック",131229,東京都,葛飾区,35.738453,139.852051,03-3691-9931,https://www.tokyo-felicia.com/,124-0012,東京都葛飾区立石8-9-6,有,"月・火・水・金 9:00-12:30 15:30-18:00
木 9:30-12:30
土 9:00-13:00",有,
"佐久間レディ-ス&ファミリアク
リニック",131229,東京都,葛飾区,35.745178,139.829254,03-3691-0371,https://sakuma-ladies.com/,124-0006,東京都葛飾区堀切2-54-16,有,"月・火・木・金 9:00-13:00 16:00-18:00
土 9:00-13:00 15:00-17:00",有,
"医療法人社団慶風会 増田産
婦人科",131229,東京都,葛飾区,35.770927,139.86792,03-3607-1519,www.masudasanfujinka.jp,125-0041,東京都葛飾区東金町1-13-5,有,"月・火・水・木・金・土 9:00-11:30
月・火・木・金 13:00-15:30
月・水・金 18:00-19:00",有,
小宅産婦人科医院,131229,東京都,葛飾区,35.781818,139.85321,03-3609-0415,,125-0031,東京都葛飾区西水元1-29-17,"有
産婦人科",月・火・木・金 9:00-12:30 15:00-17:50,有,
"医療法人社団晃母会 らいおん
ハ-トクリニック",131237,東京都,江戸川区,35.696606,139.851898,03-5875-2830,kobokai@lion-clinic.com,132-0034,東京都江戸川区小松川2-8-1,"有
婦人科","火 9:00-12:00 15:00-18:00
金 15:00-16:30",有,
太田医院,131237,東京都,江戸川区,35.695061,139.869995,03-3656-1450,,132-0025,東京都江戸川区松江3-19-17,有,"月・火・水・金 9:00-13:00 14:30-18:20
土 9:00-13:00",有,
葛西産婦人科,131237,東京都,江戸川区,35.661526,139.874283,03-3686-0311,gt-kasai@sea.plala.or.jp,134-0084,東京都江戸川区東葛西6-8-6,有,"月・火・水・金 9:00-11:50 14:00-16:00
土 9:00-11:50",有,URL(リンク切れ)
"医療法人社団聖育会 三枝産
婦人科医院",131237,東京都,江戸川区,35.666172,139.857605,03-3680-3003,http://www.saigusa.or.jp/,134-0088,東京都江戸川区西葛西3-18-1,有,24時間対応,有,
"医療法人社団清雅会 清水産
婦人科クリニック",131237,東京都,江戸川区,35.704475,139.837418,03-3613-5555,http://www.shimizuclinic.net/,132-0035,東京都江戸川区平井6-2-30,有,"平日 8:40-16:30
土 8:40-11:30",有,
新クリニック,132012,東京都,八王子市,35.651814,139.319458,042-621-6203,https://www.nhlclinic.com/,193-0931,東京都八王子市台町2-16-8,有,"月・火・金 9:00-12:00 15:00-18:00
水 9:00-11:00
土 9:00-12:00 15:00-17:00",有,
"医療法人社団陽晃会 はぎの
医院",132012,東京都,八王子市,35.661648,139.332932,042-622-2206,,192-0066,東京都八王子市本町11-6-1F,有,"火・水・金 9:00-12:00 14:00-17:00
土 9:00-12:00",有,
京王産婦人科クリニック,132012,東京都,八王子市,35.642258,139.308411,042-664-3511,http://keiosanfujinka.com/,193-0833,東京都八王子市めじろ台2-19-4,有,"月・火・木・金 9:20-13:00 15:00-18:00
土 9:20-13::00",有,URL(リンク切れ)
"医療法人社団宥和会 南大沢
婦人科ヒフ科クリニック",132012,東京都,八王子市,35.611881,139.379471,042-674-0855,http://www.fujinkahifuka.jp,192-0364,東京都八王子市南大沢2-27 フレスコ南大沢4F,有,"月・火・木・金 9:30-13:00 14:30-18:00
土 9:30-13::00",有,
山田ウイメンズクリニック,132012,東京都,八王子市,35.656654,139.344574,042-648-0870,https://yamada-womensclinic.com/,192-0046,"東京都八王子市明神町3-25-7 グランデュ-ルマン
ション1F",有,"平日 9:20-12:30 15:00-18:00
土 9:20-12:30",有,
まるはし女性応援クリニック,132020,東京都,立川市,35.701286,139.415482,042-512-8736,http://www.marugyne.com,190-0012,東京都立川市曙町2-9-4 野口ビル3F,有,"月・火・水・木 11:00-13:30 16:00-19:00
日 11:00-15:00",有,
こむかい産婦人科,132020,東京都,立川市,35.695164,139.416946,042-525-3524,https://www.komukai.net/,190-0022,東京都立川市錦町2-3-30,有,"月・火・水・木 9:00-12:00 13:30-15:30 17:00-18:00
土 9:00-12:00 13:30-15:30",有,
医療法人社団 泉医院,132020,東京都,立川市,35.700092,139.41568,042-522-2233,http://www.izumi-iin.com,190-0012,東京都立川市曙町2-14-16 住生ASKビル1階,有,"月・火・木・金 9:00-12:00 15:00-18:30
土 9:00-13:00",有,
"医療法人社団正裕会 井上レ
ディ-スクリニック",132020,東京都,立川市,35.69957,139.394531,042-529-0111,http://www.inoue-ladies.jp,190-0013,東京都立川市富士見町1-26-9,有,"月・水・金 9:00-12:00 15:00-18:00
火・木・土 9:00-12:00",有,
毛利もとこ女性クリニック,132020,東京都,立川市,35.697544,139.411255,042-540-3300,https://www.josei-clinic.info/,190-0023,"東京都立川市柴崎町2-1-8 立川駅南口メディカル
モ-ル2F",有,"月・火・木・金 9:30-12:30 15:00-18:30
土 9:30-15:00",有,URL(リンク切れ)
"武蔵境いわもと婦人科クリニッ
ク",132039,東京都,武蔵野市,35.698975,139.541306,0422-31-3737,https://www.iwa-cl.jp/,180-0023,東京都武蔵野市境南町3-14-6 山桃ビル2F,有,"月・水・金 10:00-14:00 16:00-20:00
火 10:00-14:00 16:00-18:30
木 10:00-14:00
土 10:00-13:00 14:00-17:00",有,
むさしのレディ-スクリニック,132039,東京都,武蔵野市,35.703846,139.544754,0422-38-6340,https://musashino-ladies.jp/,180-0022,東京都武蔵野市境1-4-3 ヒルズK1F,有,"月・火・水・金 9:30-12:00 15:30-19:00
土 9:30-12:30",有,
"みたか北口ゆきレディスクリニッ
ク",132039,東京都,武蔵野市,35.704288,139.561295,0422-56-7177,https://mkyuki-lc.jp,180-0006,東京都武蔵野市中町1-17-2 ステラ武蔵野3F,有,"平日 9:30-13:00 15:00-18:30
土 9:30-13:00",有,
"医療法人社団友久会 池下レ
ディ-スクリニック吉祥寺",132039,東京都,武蔵野市,35.703903,139.581497,0422-27-2965,http://www.ikeshita-clinic.com/kichijoji/,180-0004,"東京都武蔵野市吉祥寺本町1-23-1 KS23ビル6・7
F",有,"平日 9:00-19:00
土 9:00-14:00",有,URL(リンク切れ)
おおやクリニック,132039,東京都,武蔵野市,35.704563,139.541962,0422-51-3001,https://www.ooya-clinic.com,180-0022,東京都武蔵野市境2-8-3,有,"月・火・水・木・金・土 9:00-12:00
月・水 15:00-18:00
火・金 15:00-19:00",有,
"医療法人社団アソシア会 吉祥
寺レディ-スクリニック",132039,東京都,武蔵野市,35.701691,139.581146,0422-40-1770,,180-0003,"東京都武蔵野市吉祥寺南町2-6-10 富士パ-ムビル
5F","有
婦人科","平日 10:00-13:00 15:00-18:30
土 10:13:00",有,
佐々木産婦人科,132039,東京都,武蔵野市,35.708164,139.539749,0422-54-9311,www.sasakisanfujinka.com/,180-0022,東京都武蔵野市境4-10-8,有,"月・火・水・金 9:00-12:00 15:00-18:00
土 9:00-12:00",有,
吉祥寺南町診療所,132039,東京都,武蔵野市,35.702198,139.582016,0422-49-9820,http://www.kichinan.com/clinic/,180-0003,東京都武蔵野市吉祥寺南町2-5-3,"有
産婦人科","月・火・木・金 9:30-12:30
月・木・金・土 15:00-17:00
月・水・木・金 19:30-20:00",有,
"医療法人社団テンジン 三鷹レ
ディ-スクリニック",132047,東京都,三鷹市,35.697887,139.561066,0422-70-1150,mitaka-ladies@aurora.ocn.jp,181-0013,"東京都三鷹市下連雀3-31-4 ライオンズマンション 1
F",有,"月・火・木・金 10:00-13:00 15:00-18:00
土 10:00-13:00",有,URL(リンク切れ)
レディ-スクリニックりゅう,132039,東京都,武蔵野市,35.699097,139.545242,0422-32-2055,,180-0023,"東京都武蔵野市境南町2-12-2 武蔵野エイトマンショ
ン1・2F",有,"平日 10:00-13:00 15:00-19:00
土 10:00-13:00 15:00-17:00
日 第2・第4 10:00-13:00",有,
"医療法人社団聡仁会 スマイル
レディ-スクリニック",132039,東京都,武蔵野市,35.70335,139.586273,0422-76-8656,http://smile-ladies.jp/,180-0003,東京都武蔵野市吉祥寺南町2-38-7,有,"平日9:30-12:30,16:00-19:30
土曜9:30-14-30",有,
"医療法人社団久優会 フェリ-
チェレディ-スクリニック吉祥寺",132039,東京都,武蔵野市,35.705643,139.580856,0422-22-6878,https://felice.or.jp/,180-0004,東京都武蔵野市吉祥寺本町1-12-2 HINOビル2F,有,"月・火・木・土 10:00-13:00 15:00-18:00
金 10:00-13:00 16:00-19:00",有,
"医療法人社団恵成 しおかわレ
ディ-スクリニック",132039,東京都,武蔵野市,35.704243,139.577118,0422-21-1567,http://www.shiokawalc.com,180-0004,東京都武蔵野市吉祥寺本町2-10-10 ファロビル3F,有,"月・火・水・金 9:00-13:00 15:30-19:00
木 15:30-19:00
土 9:00-13:00 15:30-17:00",有,URL(リンク切れ)
村越レディ-スクリニック,132047,東京都,三鷹市,35.701679,139.563629,0422-29-8225,http://murakoshi-lc.com/,181-0013,東京都三鷹市下連雀3-7-28 ラ・プルミエ-ル村越1F,有,"月・水・木・金 9:00-13:00 15:00-19:00
火 9:00-13:00
土 9:00-14:00",有,
"医療法人社団 山田えいこレ
ディ-スクリニック",132047,東京都,三鷹市,35.701733,139.561844,0422-26-7525,http://www2.ocn.ne.jp/eikolady/,181-0013,東京都三鷹市下連雀3-24-7 平嶺ビル2F,"有
産婦人科","月・水 9:00-11:30 15:00-17:30
火・金 9:00-11:30 15:00-16:30
土 9:00-11:30",有,URL(リンク切れ)
医療法人社団 新町クリニック,132055,東京都,青梅市,35.781902,139.301483,0428-31-5377,www.shinmachi-cl.com,198-0024,東京都青梅市新町3-53-5,有,平日 9:30-15:30,有,
"医療法人社団 林レディ-スク
リニック",132055,東京都,青梅市,35.78899,139.276138,0428-20-1887,http://www.hayashi-lc.ome.tokyo.jp,198-0042,東京都青梅市東青梅3-8-8,"有
産婦人科","月・火・木・金 8:30-17:00
土 8:30-12:30",有,URL(リンク切れ)
貝原レディ-スクリニック,132063,東京都,府中市,35.671833,139.483368,042-352-8341,http://www.kaibara-ladies.com/,183-0055,"東京都府中市府中町2-5-8 Grace Court Fuchue
kimae101",有,"月・火・木・金 11:00-13:00 15:00-19:00
水・土 11:00-13:00",有,
"医療法人社団均禮会 府中の
森 土屋産婦人科",132063,東京都,府中市,35.676659,139.485519,042-351-3748,www.tsuchiyaclinic.com/,183-0055,東京都府中市府中町3-10-9,有,"月・火・木・金 8:45-12:30 14:30-16:30
水 8:45-12:30
土 8:45-13:30",有,
"医療法人社団橙康会 府中レ
デ-スクリニック",132063,東京都,府中市,35.672905,139.482315,042-358-5558,http://fuchuladys.atat.jp,183-0055,東京都府中市府中町2-1-7 角ないとうビル2F,有,"平日 10:00-18:30
土 10:00-12:30",有,
"医療法人社団聖マリア吉祥会
石原レディ-スクリニック",132071,東京都,昭島市,35.709858,139.36795,042-545-9022,http://ishiharaladies.net,196-0015,東京都昭島市昭和町3-18-21,有,"平日 9:00-16:30
土 9:00-11:30",有,
"医療法人社団SJS 金子レ
ディ-スクリニック",132080,東京都,調布市,35.657009,139.551529,042-426-7800,in50@kaneko-ladies.com,182-0021,東京都調布市調布ケ丘3-19-13,有,"月・火・水・木・金・土 9:00-12:00
月・火・木・金・土 14:00-17:00",有,
"医療法人社団東仁会 つつじヶ
丘神代クリニック",132080,東京都,調布市,35.65554,139.574265,042-443-2246,"https://www.zenjinkai-
group.jp/tojinkai/clinic/jindai",182-0006,東京都調布市西つつじケ丘4-15-5,有,"月・火・金 9:00-18:00
水・土 9:00-12:00",有,URL(リンク切れ)
よこすかレディ-スクリニック,132080,東京都,調布市,35.661453,139.58638,03-5315-5686,http://www.yokosukalc.com/,182-0002,東京都調布市仙川町1-20-16 ヴィバ-チェ仙川2F,"有
産婦人科","月・火・水・金 9:00-12:30 15:00-18:30
土 9:00-13:30",有,
調布レディ-スクリニック,132080,東京都,調布市,35.655357,139.541931,042-480-1050,http://chofu-lc.jp/,182-0026,東京都調布市小島町1-5-6 ア-ルアンドエスビル2F,有,"平日 10:00-13:00 15:00-18:00
土 10:00-13:00 15:00-17:00",有,
尾崎医院,132098,東京都,町田市,35.543465,139.449631,042-722-3321,https://www.ozakiclinic.jp,194-0013,東京都町田市原町田4-12-6,有,"月・火・水・金 9:00-12:00 15:00-17:30
土 9:00-12:00",有,
町田東口クリニック,132098,東京都,町田市,35.545872,139.444672,042-721-8855,"https://www.machida-higashiguchi-
clinic.com/clinic",194-0022,東京都町田市森野1-35-8 ヴィンテ-ジ2 3F,"有
産婦人科","月・火・木 10:00-12:30 16:00-20:30
金 15:00-20:30
土・日・祝 10:-12:30 13:30-16:00",有,URL(リンク切れ)
"医療法人社団誠裕會 鶴川レ
ディ-スクリニック",132098,東京都,町田市,35.584656,139.484741,042-737-7271,http://www9.plala.or.jp/tsurukawa-lds/,195-0053,東京都町田市能ケ谷3-1-5,有,"月・火・木・金 10:00-13:00 15:00-18:30
水 15:00-18:30
土 9:00-12:30",有,
"医療法人社団菜の花会 町田
産婦人科 菜の花クリニック",132098,東京都,町田市,35.535534,139.480942,042-728-1101,"http://www.machida-nanohana-
cl.jp/index.html",194-0045,東京都町田市南成瀬7-14-1,有,平日・土 9:00-17:00,有,URL(リンク切れ)
"医療法人社団公人会 みむろ
ウィメンズクリニック",132098,東京都,町田市,35.540195,139.448273,042-710-3609,http://mimuro-cl.com,194-0013,東京都町田市原町田1-7-17 ガレリア町田ビル3F,有,"月・水・金 9:00-11:30 14:00-16:30
火・木・隔週土 9:00-11:30インタ-ネットより完全予約",有,
ひろいウィメンズクリニック,132098,東京都,町田市,35.545162,139.444641,042-850-9027,,194-0022,東京都町田市森野1-19-13 RINSBOX2F・3F,有,"平日 9:00-18:00
土 9:00-17:00
日 9:00-10:30",有,
"医療法人社団せいこう会 小金
井婦人科クリニック",132101,東京都,小金井市,35.699177,139.506485,042-316-3824,http://koganeifujinka.jp/,184-0004,東京都小金井市本町6-13-18 コスモスビル3F,有,"火・水・金・土 9:00-13:00 15:00-18:00
木 9:30-11:30",有,
"医療法人社団鶴亀会 小金井
つるかめクリニック",132101,東京都,小金井市,35.700962,139.505249,042-386-3757,http://koganei.tsurukamekai.jp,184-0004,東京都小金井市本町6-14-28 アクウェルモ-ル3F,有,"月・火・水・金・土 8:45-17:30
木 8:45-12:00",有,
花小金井レディ-スクリニック,132110,東京都,小平市,35.724651,139.512863,042-497-5218,https://www.hanako-ladies.com,187-0003,東京都小平市花小金井南町1-19-3 SORA1階,有,"月・水・木・金 9:00-12:00 14:00-17:30
土 9:00-12:00",有,
"医療法人輝 ジュンレディ-スク
リニック小平",132110,東京都,小平市,35.717003,139.490768,042-329-4103,http://www.jun-lc-kodaira.com/,187-0044,東京都小平市喜平町1-14-20,有,平日・土 9:00-12:00 14:00-16:00,有,
みなみ野レディ-スクリニック,132012,東京都,八王子市,35.634026,139.329102,042-632-8044,http://www.minaminolc.jp/,192-0917,"東京都八王子市西片倉3-1-4 第2みなみ野クリニック
センタ-4F",有,"月・火・水・金 10:00-12:50 15:30-18:50
木・土 10:00-12:50",有,
大川産婦人科医院,132128,東京都,日野市,35.661873,139.374634,042-586-1061,http://www.ohkawa-medical.jp/,191-0062,東京都日野市多摩平3-14-4,有,"受付時間 月・水・土 8:00-12:00 13:30-16:00
火・金 8:00-12:00",有,URL(リンク切れ)
産婦人科コンチェルト,132128,東京都,日野市,35.672413,139.401825,042-586-1103,http://concerto-lc.jp/,191-0012,東京都日野市日野2949-4,"有
産婦人科","平日 9:00-16:00
土 8:30-12:00",有,URL(リンク切れ)
"医療法人社団つつじ会 くぬぎ
産婦人科",132136,東京都,東村山市,35.756603,139.467422,042-395-3331,https://kunugi-lc.com,189-0014,東京都東村山市本町1-22-24,有,"火・水・金・土 9:00-12:00 14:00-17:00
日 9:00-12:00",有,
"医療法人社団レニア会 武谷ひ
まわりウィメンズクリニック",132136,東京都,東村山市,35.759666,139.466187,042-398-4103,http://www.cl-himawari.com,189-0014,東京都東村山市本町2-3-21 東村山第3赤澤ビル3F,有,"平日 9:00-12:00 14:00-16:00
土 9:00-12:00",有,URL(リンク切れ)
"医療法人社団陽光会 石川て
る代ウィメンズクリニック",132144,東京都,国分寺市,35.697208,139.481277,042-324-9661,,185-0021,東京都国分寺市南町3-1-28 飛べない飛行船パ-ト2,"有
婦人科","月・火・水・金 8:30-12:00 14:30-18:00
土 8:30-12:00",有,
"医療法人社団美力会 西国分
寺レディ-スクリニック",132144,東京都,国分寺市,35.698944,139.466751,042-300-0055,http://www.nklc.jp,185-0024,東京都国分寺市泉町2-9-3 ハ-トフルビル西晴2F,有,"平日 9:30-12:00 15:00-17:30
土 9:30-12:00",有,
岡産婦人科,132152,東京都,国立市,35.69627,139.442749,042-572-0368,,186-0004,東京都国立市中1-18-13,有,"月・火・木・金 9:00-12:00 15:00-18:00
土 9:00-12:00",有,
"医療法人社団慈心会 保坂産
婦人科クリニック",132195,東京都,狛江市,35.631573,139.578064,03-3488-1103,https://www.hosaka-cl.com/,201-0014,東京都狛江市東和泉1-21-3,有,"月・火・木・金 9:00-12:00 15:00-18:00
水・土 9:00-12:00",有,
"社会医療法人財団大和会 東
大和病院附属セントラルクリ
ニック",132209,東京都,東大和市,35.740955,139.431122,042-562-5511,http://www.yamatokai.or.jp,207-0014,東京都東大和市南街2-3-1,"有
婦人科",月・水・木・金・土 8:30-16:00,無,
"医療法人社団心慈会 レディ-
スクリニックマリアヴィラ",132209,東京都,東大和市,35.746239,139.415451,042-566-8827,http://www.maria-villa.jp/,207-0023,"東京都東大和市上北台1-2-14 上北台メディカルビル
4F","有
産科・婦人科","月・火・木・金 9:00-12:00 16:30-19:30
土 9:00-12:00 14:00-17:00",有,
宇都宮レディ-スクリニック,132217,東京都,清瀬市,35.774254,139.521637,042-491-0103,https://utsunomiya.or.jp/,204-0021,東京都清瀬市元町1-4-26 清瀬パ-クホ-ムズ1F,"有
産婦人科",月・火・水・金・土 9:00-17:00,有,
"医療法人社団恵輝会 ペルフェ
滝山マタニティクリニック",132225,東京都,東久留米市,35.744244,139.502487,042-477-3503,http://www.perfe.jp/,203-0033,東京都東久留米市滝山5-3-6,有,"月・火・金 9:00-16:30
水・土 9:00-12:00",有,
"医療法人社団紫波会 平賀診
療所",132241,東京都,多摩市,35.651554,139.450836,042-375-7154,,206-0011,東京都多摩市関戸2-10-10,有,"月・火・木・金 9:30-11:30 15:00-16:30
土 9:00-11:30",有,
こまちレディ-スクリニック,132241,東京都,多摩市,35.627155,139.428696,042-357-3535,,206-0033,東京都多摩市落合1-3-1 かじやビル1F,"有
婦人科","月・火・水・木・金・土 9:50-12:45
月・火・水・木 15:00-18:30",有,
ヒルズクリニック聖蹟,132241,東京都,多摩市,35.652718,139.446625,042-316-5556,http://hills-clinic.com,206-0011,東京都多摩市関戸1-5-2,有,"平日 9:30-11:30 13:30-16:45
土 9:30-11:30 来院前事前電話",有,
よりみつレディ-スクリニック,132276,東京都,羽村市,35.758839,139.31749,042-570-5130,http://website2.infomity.net/8380000092/,205-0011,東京都羽村市五ノ神1-2-2 メディカルプラザ3F,"有
産婦人科",月・火・水・金 8:30-16:00,有,
わかくさ医院,132276,東京都,羽村市,35.780109,139.29866,042-579-0311,wakakusaiin@hamurashi-med.or.jp,205-0001,東京都羽村市小作台2-7-16,有,"月・木 8:30-12:00 14:30-17:00
火・金・土 8:30-1200",有,URL(リンク切れ)
"医療法人社団ヒマワリ会 畑中
医院",132292,東京都,西東京市,35.725075,139.542526,042-461-3209,http://www.gigi-town.jp/clinic/hatanaka-iin,188-0012,東京都西東京市南町3-22-8,有,"月・火・木・金 9:00-18:00
水・土 9:00-12:00",有,URL(リンク切れ)
ひろクリニック,132292,東京都,西東京市,35.749531,139.543884,042-423-2784,http://hiroi-c.com,188-0001,東京都西東京市谷戸町3-26-7,有,"月・火・木 9:00-12:30 14:00-17:30
金 9:00-12:30 15:00-18:30
土9:00-12:30",有,
"医療法人社団湯川 湯川ウイメ
ンズクリニック",132292,東京都,西東京市,35.728699,139.538803,042-469-5800,http://www.yukawa-clinic.com,188-0011,東京都西東京市田無町4-26-9 JSビル2F,有,"月・水・木・金 9:00-12:00 14:00-17:30
土 9:00-12:00",無,URL(リンク切れ)
三宅村中央診療所,133817,東京都,三宅島三宅村,34.122299,139.533127,04994-2-0016,https://www.vill.miyake.tokyo.jp/iryou_shinryouj,100-1101,東京都三宅村神着937番地,無,24時間 365日対応,有,URL(リンク切れ)
"青ヶ島村国民健康保険青ヶ島
診療所",134023,東京都,青ヶ島村,32.466537,139.763336,04996-9-0123,無,100-1701,東京都青ケ島村青ケ島無番地,有,"平日 9:00-17:15
夜間・休日 対応可 (要電話",有,URL(リンク切れ)
東京都小笠原村診療所,134210,東京都,小笠原村,27.071243,142.20961,04998-2-3800,http://www.ogasawaraclinic.jp,100-2101,東京都小笠原村父島字清瀬,有,随時対応可,有,
小笠原村母島診療所,134210,東京都,小笠原村,26.660128,142.155762,04998-3-2115,"http://www.ogasawaraclinic.jp/clinic/hahajima.
html",100-2211,東京都小笠原村母島字元地,有,24時間,有,URL(リンク切れ)
