施設_名称,施設_市区町村コード,住所_都道府県,住所_市区町村（郡）,住所_緯度,住所_経度,連絡先_電話番号,連絡先_FormURL,連絡先_郵便番号,連絡先_住所,緊急避妊に係る診療が可能な産婦人科医療機関等_産科、婦人科又は産婦人科の標榜の有無,緊急避妊に係る診療が可能な産婦人科医療機関等_医療機関における緊急避妊にかかる対面診療への対応可能時間帯,緊急避妊に係る診療が可能な産婦人科医療機関等_常時の緊急避妊薬の在庫の有無,エラー
医療法人東恵会星ヶ丘マタニティ病院,231010,愛知県,名古屋市千種区,35.162445,136.983017,052-782-6211,http://www.toukeikai.com/,464-0026,愛知県名古屋市千種区井上町27,有,"月水金 9:00~12:00 17:30~19:00
火木土 9:00~12:00",有,
名古屋市立大学医学部附属西部医療センタ-,231037,愛知県,名古屋市北区,35.202358,136.90184,052-991-8121,http://www.west-medical-center.med.nagoya-cu.ac.jp/,462-8508,愛知県名古屋市北区平手町一丁目1番地の1,有,平日8:45~17:15 (夜間、土、日、祝日も状況次第で対応可能),有,URL(リンク切れ)
岩田病院,231053,愛知県,名古屋市中村区,35.173473,136.878937,052-451-1552,https://iwata-hospital.com/,453-0014,愛知県名古屋市中村区則武1-1-11,有,"月水金 9:00~12:00 17:00~19:00
火木 9:00~12:00",有,
名古屋掖済会病院,231100,愛知県,名古屋市中川区,35.119919,136.873505,052-652-7711,http://www.nagoya-ekisaikaihosp.jp/,454-8502,愛知県名古屋市中川区松年町4-66,有,緊急避妊の場合は24時間対応可,有,
社会医療法人 宏潤会 大同病院,231126,愛知県,名古屋市南区,35.07468,136.907043,052-611-6261,https://daidohp.or.jp/,457-8511,愛知県名古屋市南区白水町9,有,"緊急避妊の場合は24時間対応可
※ 薬の在庫がない可能性があるため事前に電話で要確認",有,URL(リンク切れ)
総合病院南生協病院,231142,愛知県,名古屋市緑区,35.058113,136.934799,052-625-0373,https://www.minami-hp.jp/,459-8540,愛知県名古屋市緑区大高二丁目204,有,"月~土 9:00~11:30
※ 月~金 9:00~17:00 電話相談可",無,
日本赤十字社愛知医療センタ-名古屋第二病院,231070,愛知県,名古屋市昭和区,35.145416,136.965668,052-832-1121,https://www.nagoya2.jrc.or.jp/,466-8650,愛知県名古屋市昭和区妙見町2-9,有,緊急避妊の場合は24時間対応可,有,URL(リンク切れ)
咲江レディスクリニック,231010,愛知県,名古屋市千種区,35.168499,136.946671,052-757-0222,http://www.sakieladiesclinic.com/,464-0066,愛知県名古屋市千種区池下町二丁目15番地 ハクビ池下ビル 5階,有,"【月火水金】10:00~13:00、15:00~18:00
【土】10:00~13:00",有,
医療法人博報会上野産婦人科,231010,愛知県,名古屋市千種区,35.182117,136.951248,052-721-0321,https://ueno-sanfujinka.jp/,464-0082,愛知県名古屋市千種区上野1-1-11,有,"【月火水金】9:00~12:00、18:00~19:30
【木・土】9:00~12:00",有,
医療法人秀峰会 レディ-スクリニック山原,231010,愛知県,名古屋市千種区,35.169518,136.938995,052-731-8181,https://nagoya-yamahara-lc.jp/,464-0850,愛知県名古屋市千種区今池四丁目14番3号 愛知県,有,"【平日.土】10:00~13:00
【月火水金】16:30~19:00",有,
さわだウイメンズクリニック,231010,愛知県,名古屋市千種区,35.162178,136.964157,052-788-3588,https://www.sawadawomens.com/,464-0819,愛知県名古屋市千種区四谷通1-18-1 RICCA11ビル3階,有,"【平日】10~12:30 【水午後なし】16~19:00
【土】10~12:30",有,
きくざかクリニック,231010,愛知県,名古屋市千種区,35.166077,136.948242,052-759-1551,www.kikuzaka-clinic.com,464-0836,愛知県名古屋市千種区菊坂町1-4 グリ-ムオブ覚王山 2F,有,"【火水金】9:30~12:30、16:00~19:00
【木土】9:30~12:30",有,URL(リンク切れ)
医療法人伸和會野崎クリニック,231100,愛知県,名古屋市中川区,35.132507,136.833527,052-303-3811,http://www.nozaki-clinic.jp,454-0943,愛知県名古屋市中川区大当郎一丁目1903番地,有,"【月水金】8:30~11:00、17:00~18:30
【火木土】8:30~11:00",有,URL(リンク切れ)
桑山産婦人科・眼科,231118,愛知県,名古屋市港区,35.115963,136.886169,052-661-0211,-,455-0001,愛知県名古屋市港区七番町3丁目18番地,有,"【月~土】9:00~12:00 日祝は休診
【月火水金】18:00~19:30 夜間診察は予約制",有,URL(リンク切れ)
まのレディ-スクリニック,231118,愛知県,名古屋市港区,35.113621,136.820129,052-302-8885,http://www.yuhookai.jp/,455-0884,愛知県名古屋市港区七反野1-806-1,有,"月火水金 9:00~12:00 16:30~18:30
木土 9:00~12:00",有,
山口レディスクリニック,231126,愛知県,名古屋市南区,35.11264,136.937592,052-823-2121,www.y-lc.net,457-0007,愛知県名古屋市南区駈上二丁目7番1号,有,"【月火木金】9:30~12:30、17:00~19:00
【水】9:30~12:30
【土】9:00~13:00",有,
伊藤しあわせクリニック,231126,愛知県,名古屋市南区,35.102432,136.942368,052-823-4122,https://www.itoclinic.jp/,457-0027,愛知県名古屋市南区弥生町14番地,有,"【月火水金】9:00~12:30、16:00~18:30
【土】9:00~12:30",有,
だいどうクリニック,231126,愛知県,名古屋市南区,35.074577,136.908432,052-611-6262,https://daidohp.or.jp/,457-8511,愛知県名古屋市南区白水町8番地,有,【月~土】8:30~11:30,無,URL(リンク切れ)
アイ・レディスクリニック,231126,愛知県,名古屋市南区,35.09201,136.913956,052-614-1103,https://youandai.com/,457-0836,愛知県名古屋市南区加福本通3丁目64番地,有,緊急であれば24時間対応,有,
やまだレディスクリニック,231134,愛知県,名古屋市守山区,35.206924,136.974564,052-793-5551,-,463-0013,愛知県名古屋市守山区小幡中三丁目23-11,有,"【月~土】9:00~12:00
【月火】17:00~19:00",有,URL(リンク切れ)
フォレストベルクリニック,231134,愛知県,名古屋市守山区,35.25322,137.034775,052-737-0003,www.forestbell.jp,463-0001,愛知県名古屋市守山区大字上志段味字羽根前600番2,有,緊急であれば24時間対応,有,
なるかわレディ-スクリニック,231134,愛知県,名古屋市守山区,35.203289,136.985367,052-796-2220,http://www.narukawa-lc.com,463-0042,愛知県名古屋市守山区野萩町13-14 プラザ野萩2F,有,"【月火水金】9:00~12:00、16:00~19:00
【木土】9:00~12:00",有,
たてレディ-スクリニック,231134,愛知県,名古屋市守山区,35.198677,136.98378,052-794-5151,tatelc.com,463-0041,愛知県名古屋市守山区大谷町2-51,有,"【平日】9:00~12:00、17:00~19:00
【土】9:00~12:00 (日祝木曜、休診)",有,
徳重ウイメンズケアクリニック,231142,愛知県,名古屋市緑区,35.088684,136.997742,052-877-1333,-,458-0815,愛知県名古屋市緑区徳重2丁目1810番地,有,"【月火水金】9:00~12:30、16:00~18:30
【木土】9:00~12:30",有,URL(リンク切れ)
産婦人科 野村クリニック,231142,愛知県,名古屋市緑区,35.085331,136.975891,052-896-5311,http://nomucli.com,458-0021,愛知県名古屋市緑区滝ノ水四丁目315番,有,【月火木金】9:00~14:00、15:00~18:00,有,
ロイヤルベルクリニック,231142,愛知県,名古屋市緑区,35.082016,136.993851,052-879-6660,www.royalbell.jp,458-0848,愛知県名古屋市緑区水広1丁目1715番地,有,緊急であれば24時間対応,有,
医療法人 中根産婦人科,231142,愛知県,名古屋市緑区,35.100704,136.97403,052-895-1177,www.nakanesanfu.or.jp/,458-0011,愛知県名古屋市緑区相川2-126,有,深夜以外は、毎日可,有,
奈倉レディ-スクリニック,231150,愛知県,名古屋市名東区,35.18148,136.990021,052-777-0111,-,465-0017,愛知県名古屋市名東区つつじが丘712,有,"【平日】9:00~12:00、17:00~19:00
【水土】9:00~12:00",有,URL(リンク切れ)
西山産婦人科・内科,231150,愛知県,名古屋市名東区,35.157959,136.99353,052-701-3565,-,465-0086,愛知県名古屋市名東区代万町1-93,有,【月火金】9:00~12:00、16:30~19:30 【木土】9:00~12:00,有,URL(リンク切れ)
医療法人藤ケ丘レディスクリニック,231150,愛知県,名古屋市名東区,35.190048,137.017319,052-775-1103,ttp://www.flc.or.jp/,465-0036,愛知県名古屋市名東区藤里町1602番地,有,"【平日】9:30~19:00
【水】9:30~13:00
【土】9:30~12:30",有,URL(リンク切れ)
医療法人若葉台クリニック,231150,愛知県,名古屋市名東区,35.180367,136.993912,052-777-2888,https://www.wakabadai-clinic.or.jp/,465-0015,愛知県名古屋市名東区若葉台502,有,"【平日】9:10~13:00、17:10~19:00 •水曜夕方休診
【土曜】9:10~13:00、14:30~16:00",有,
医療法人亜一会 あいこ女性クリニック,231150,愛知県,名古屋市名東区,35.175659,136.991089,052-777-8080,www.aiko-women.com,465-0091,愛知県名古屋市名東区よもぎ台二丁目904番地,有,"【月火水金】9:30~12:30、15:30~18:30
【木土】9:30~12:30",有,
くずやクリニック,231150,愛知県,名古屋市名東区,35.176239,137.013702,052-769-0007,https://www.kuzuya-cl.jp/,465-0024,愛知県名古屋市名東区本郷二丁目94-1 みふくビル2F,有,"【平日(月火木金)】8:45~12:30、16:40~19:30
【土】8:45~12:30",無,URL(リンク切れ)
産科婦人科 種村ウィメンズクリニック,231169,愛知県,名古屋市天白区,35.107563,136.958893,052-799-6121,https://www.drtanemura.com,468-0045,愛知県名古屋市天白区野並1丁目265番地,有,"【月金】9:00~12:00、17:00~19:00
【火木】9:00~12:00、14:00~16:00、17:00~19:00
【水土】9:00~12:00",有,
医療法人 医聖会 イルマ-レレディ-スクリニック,231169,愛知県,名古屋市天白区,35.117958,136.978271,052-801-5252,http://ilmare-lc.com/,468-0056,愛知県名古屋市天白区島田四丁目2904番地,有,"【月火木金】9:00~12:00、16:00~19:00
【水】9:00~12:00
【土】9:00~13:00",有,
おばた産婦人科クリニック,231169,愛知県,名古屋市天白区,35.115776,137.013474,052-875-7569,obata-sanfujinka.com,468-0013,愛知県名古屋市天白区荒池2丁目3306番地,有,"【平日】9:00~12:00、14:00~17:00
【土】8:45~13:00",有,
八事レディ-スクリニック,231169,愛知県,名古屋市天白区,35.132801,136.967636,052-834-1060,http://www.yagoto-lc.net/,468-0063,愛知県名古屋市天白区音聞山810,有,"平日 9:00~12:30 16:00~19:00
土曜日 9:00~12:30 木曜日 9:00~12:30 日曜日休診",有,
ココカラウィメンズクリニック,231029,愛知県,名古屋市東区,35.174473,136.908737,052-950-5077,https://cocokara-clinic.com,461-0001,愛知県名古屋市東区泉一丁目23番36号 NBN泉ビル4F,有,"【月金】10:00~13:30、15:30~19:00
【水木】10:00~13:30、15:30~18:30
【火土】10:00~13:30、PMなし",有,
おくむらレディスクリニック,231029,愛知県,名古屋市東区,35.177166,136.935638,052-935-0596,-,461-0034,愛知県名古屋市東区豊前町2丁目68番 山田ビル北館1F,有,"【月火木金】9:00~12:00、16:30~19:30
【水土】9:00~12:00",無,URL(リンク切れ)
平田レディ-スクリニック,231037,愛知県,名古屋市北区,35.206455,136.915817,052-914-7277,http://www.hiratalc.com,462-0034,愛知県名古屋市北区天道町2-34,有,"【月火金】9:00~12:30、16:30~19:30
【水土】9:00~12:30",有,
平竹クリニック,231037,愛知県,名古屋市北区,35.198391,136.908447,052-914-3240,https://www.hiratake.com/original9.htm/,462-0045,愛知県名古屋市北区敷島町48番地1,有,"【平日】9:30~12:00、16:30~18:00
【火木土】9:30~12:00 診察時間内",有,URL(リンク切れ)
なごや内科整形産婦人科,231037,愛知県,名古屋市北区,35.22683,136.925461,052-901-1313,-,462-0012,愛知県名古屋市北区楠4-137,有,"24時間365日対応可
閏年は24時間366日対応可",有,URL(リンク切れ)
山田医院,231037,愛知県,名古屋市北区,35.209652,136.910645,052-981-2033,yamada-iin-kitaku.com,462-0026,愛知県名古屋市北区萩野通二丁目10番地,有,"【平日 月火水金】9:00~12:00、16:30~19:00
【土】9:00~12:00",有,
大雄会ル-セントクリニック,231045,愛知県,名古屋市西区,35.175369,136.881287,052-569-6030,https://www.lucentclinic.com,451-6003,愛知県名古屋市西区牛島町6番1号 名古屋ル-セントタワ-3階,有,【平日】9:00~12:00、14:30~16:30,有,URL(リンク切れ)
庄内通レディ-スクリニック,231045,愛知県,名古屋市西区,35.204258,136.891571,052-522-3800,http://www.shounaidori-lc.com,451-0015,愛知県名古屋市西区香呑町6丁目50番地 ノ-ステラス庄内通1階,有,"【平日】9:00~12:00、15:00~18:00
【土】9:00~12:00",有,
医療法人 川合産婦人科,231045,愛知県,名古屋市西区,35.21563,136.890503,052-502-1501,http://kawai-sanfujinka.jp,452-0804,愛知県名古屋市西区坂井戸町191番地,有,"【午前】9時~12時まで
【午後】17時~19時まで 休診日:水日祝日.土曜午後",有,
むしかレディ-スクリニック,231045,愛知県,名古屋市西区,35.177937,136.889175,052-583-5556,http://www.mushika-ladiesclinic.com/,451-0043,愛知県名古屋市西区新道二丁目5番7号 中京メディカルビル2階,有,"【月火木金】9:00~12:00、15:30~18:30
【土】9:00~12:30",有,
キャッスルベルクリニック,231045,愛知県,名古屋市西区,35.199223,136.895172,052-529-1333,www.castlebell.jp,451-0021,愛知県名古屋市西区天塚町2-7,有,緊急であれば24時間対応,有,
堀産婦人科,231053,愛知県,名古屋市中村区,35.166279,136.86438,052-471-8900,-,453-0821,愛知県名古屋市中村区大宮町2-60,有,"【月火木金】9:00~13:00、16:00~19:00
【土】9:00~13:00 水は休診",有,URL(リンク切れ)
あさひレディ-スクリニック,231053,愛知県,名古屋市中村区,35.053757,137.013123,052-411-7890,asahi-lc.com,453-0065,愛知県愛知名古屋市中村区靖国町1-140,有,"【平日】9:00~12:30
【木・土】9:00~12:30",有,URL(リンク切れ)
山田産婦人科,231053,愛知県,名古屋市中村区,35.164177,136.845337,052-412-1771,-,453-0841,愛知県名古屋市中村区稲葉地町7-5,有,"【月火木金】9:00~12:00、16:00~19:00
【水土】9:00~12:00
外来にて診察時間のみ",有,URL(リンク切れ)
医療法人成田育成会 セントソフィアクリニック,231053,愛知県,名古屋市中村区,35.17075,136.883423,052-551-1595,http://www.st-sophia.jp,450-6019,愛知県名古屋市中村区名駅一丁目1番4号 JRセントラルタワ-ズ19階,有,"【月水金】8:30~19:00
【火木土】8:30~13:00",有,
レディ-スクリニックミュウ,231053,愛知県,名古屋市中村区,35.171276,136.88533,052-551-7111,http://www.lcmyu.com/,450-0002,愛知県名古屋市中村区名駅四丁目6番23号 第3堀内ビル13階,有,"【平日】10:00~13:00、16:30~19:00
【土】10:00~13:00",有,
かなくらレディスクリニック,231053,愛知県,名古屋市中村区,35.167583,136.889221,052-587-3111,-,450-0003,愛知県名古屋市中村区名駅南一丁目15-21 宇佐美名古屋ビル3階,有,"【月火木金】9:00~13:00、16:00~19:00
【土 第2.4.5】9:00~13:00",有,URL(リンク切れ)
かとうのりこレディ-スクリニック,231053,愛知県,名古屋市中村区,35.168598,136.886887,052-587-2888,https://katonoriko-lc.jp,450-0002,愛知県名古屋市中村区名駅四丁目26番25号 メイフィス名駅ビル3F,有,"【平日.月火水金】10:00~13:00、16:00~19:00
【木土】10:00~13:00",有,
Dr.MARI CLINIC 名古屋駅院,231053,愛知県,名古屋市中村区,35.17194,136.885712,052-551-8881,https://www.lady-plus.jp/,450-0002,愛知県名古屋市中村区名駅三丁目26番8号 KDX名古屋駅前ビル14階,有,"【月~土】10:00~19:00
【日】11:00~15:00",有,
ダイヤビルレディ-スクリニック,231053,愛知県,名古屋市中村区,35.173111,136.885117,052-561-1881,https://www.daiya-lc.jp,450-0002,愛知県名古屋市中村区名駅3-15-1 名古屋ダイヤビルディング2号館1階,有,"平日10:00~13:00、16:00~19:00
土曜日 9:00~13:00",有,
婦人科可世木クリニック,231061,愛知県,名古屋市中区,35.143688,136.90242,052-324-7701,https://www.kaseki-cl.com,460-0022,愛知県名古屋市中区金山一丁目14番9号 長谷川ビル8階,有,"【平日 月火水金】9:30~12:30、16:00~19:00
【土日】9:30~12:30 木祝日休",有,
山田シティクリニック,231061,愛知県,名古屋市中区,35.165134,136.901871,052-231-0782,yamadacityclinic.com,460-0008,愛知県名古屋市中区栄二丁目15-40,有,"【月火木金】10:00~13:00、16:00~18:30
【水土】10:00~13:00 日祝休み",有,URL(リンク切れ)
栄産婦人科,231061,愛知県,名古屋市中区,35.163227,136.914474,052-251-5066,https://sakaeo-g.com,460-0008,愛知県名古屋市中区栄五丁目22番22号,有,"【月~木】9:00~13:00、17:00~20:00
【金・土】9:00~13:00、17:00~19:00",有,
医療法人うたし会 クリニックロタ-ジェ,231061,愛知県,名古屋市中区,35.169121,136.905823,052-228-9265,http://lottage.com,460-0003,愛知県名古屋市中区錦三丁目24番24号 錦324ビル7F,有,"【平日】11:00~14:00、15:00~20:00
【水】11:00~14:00
【土】11:00~14:00、15:00~18:00 祝日不定休",有,
医療法人 芳栄会 飯田レディ-スクリニック,231061,愛知県,名古屋市中区,35.169617,136.92514,052-241-0512,https://iidalady.com,460-0007,愛知県名古屋市中区新栄三丁目2-1,有,"【月~水、金】9:00~12:30、15:30~18:30
【土】9:00~12:30",有,
まさはしレディスクリニック,231061,愛知県,名古屋市中区,35.167042,136.907883,052-263-1103,http://www.tmasahashi.com/,460-0008,愛知県名古屋市中区栄三丁目6番20号 辰晃ビルディング3階,有,"【月火金】10:00~13:00、15:30~19:00
【水】10:00~13:00 【木】15:30~19:00
【土】10:00~15:00",有,
マ-メイドクリニック栄,231061,愛知県,名古屋市中区,35.172966,136.907684,052-746-9977,mermaidlc.com,460-0003,愛知県名古屋市中区錦三丁目5番15号 パ-クウエストビル2階,有,"【月火】10:30~13:30
【木金】10:30~13:30、16:00~19:00
【土】15:00~19:00",有,
パ-クサイド栄クリニック,231061,愛知県,名古屋市中区,35.163906,136.908447,052-262-2030,https://www.parksideclinic-sakae.com,460-0008,愛知県名古屋市中区栄三丁目31番7号 大河内ビル 5階,有,"【平日(月水木金)】11:00~14:00、17:00~20:00
【土 祝日】11:00~14:00、15:00~19:00
【日】11:00~14:00、15:00~18:00",有,URL(リンク切れ)
ともこレディ-スクリニック,231061,愛知県,名古屋市中区,35.169239,136.904419,052-950-7777,http://www.tomoko-lc.com/i/,460-0003,愛知県名古屋市中区錦三丁目22番13号 栄町ビル西館4階,有,"【月火金】12:00~15:00、17:00~20:00
【土】12:00~15:00、17:00~19:00
【日】11:00~15:00",有,URL(リンク切れ)
すぎやまレディスクリニック,231061,愛知県,名古屋市中区,35.169373,136.909744,052-971-0930,http://www.sl-medical.gr.jp,460-0004,愛知県名古屋市中区新栄町1-3 日丸名古屋ビル3階,有,"【平日】9:00~12:30、14:00~16:00
【木土】9:00~12:30",無(院外処方箋),
クリニックフラウ栄,231061,愛知県,名古屋市中区,35.165493,136.907089,052-238-0039,http://www.clinic-frau-sakae.com,460-0008,愛知県名古屋市中区栄三丁目17-15 エフエックスビル3F,有,"【月火水金】9:30~13:00、14:30~18:30
【土】9:00~13:00、14:00~17:30
事前予約制",有,
グレイスベルクリニック,231061,愛知県,名古屋市中区,35.160191,136.903091,052-261-7777,https://www.gracebells.jp/,460-0011,愛知県名古屋市中区大須3-16-25,有,"【月火水金】9:00-12:30、17:00-19:30
【木土】9:00-12:30",有,
かとうせんとよレディスクリニック,231061,愛知県,名古屋市中区,35.144882,136.9021,052-339-0033,www.kato-sentoyo.jp,460-0022,愛知県名古屋市中区金山一丁目13番18号 ベルデ・マ-レ・ビル5階,有,【平日】9:00~12:30、16:00~19:00 【土】9:00~13:00,有,URL(リンク切れ)
おかだウィメンズクリニック,231061,愛知県,名古屋市中区,35.143017,136.898865,052-683-0018,https://okada-w.com,460-0024,愛知県名古屋市中区正木四丁目8番7号 れんが橘ビル3F,有,"【月火木金】10:30~12:30、15:30~18:00
【水土】10:30~12:30",有,
いくたウィメンズクリニック,231061,愛知県,名古屋市中区,35.165817,136.907654,052-263-1250,www.ikuta-w.com,460-0008,愛知県名古屋市中区栄三丁目15-27 名古屋プラザ3F,有,"【月火水金】10:00~12:30、15:00~18:00
【木土】10:00~12:30",有,
Dr.MARI CLINIC 栄院,231061,愛知県,名古屋市中区,35.167679,136.906891,052-261-1200,https://www.lady-plus.jp/,460-0008,愛知県名古屋市中区栄三丁目7番9号 新鏡栄ビル 3階,有,"【平日 月~土】10:00~19:00
【日】11:00~15:00 祝日不定休",有,
産婦人科柴田クリニック,231070,愛知県,名古屋市昭和区,35.146854,136.933823,052-851-2121,shibakuri.jp,466-0027,愛知県名古屋市昭和区阿由知通5-7,有,"【月火木金】9:00~12:00、17:00~19:00
【水土】9:00~12:00",有,
医療法人ごきそレディスクリニック,231070,愛知県,名古屋市昭和区,35.151012,136.933609,052-732-9733,http://www.gokiso-lc.com,466-0027,愛知県名古屋市昭和区阿由知通三丁目10番地,有,"【月水金】9:00~12:30、17:00~19:30
【火】9:00~12:30、16:00~19:00(予約のみ)
【土】9:00~12:30",有,
レディ-スビュ-ティクリニック ヤマテ,231070,愛知県,名古屋市昭和区,35.144398,136.964767,052-835-8989,lbc-yamate.com,466-0815,愛知県名古屋市昭和区山手通三丁目9番地の1 日興山手通ビル1階 A号室,有,"【平日】9:00~12:00、14:00~17:00
【第1、3土曜】9:00~12:00",有,
あさもとクリニック産婦人科,231070,愛知県,名古屋市昭和区,35.138344,136.941635,052-851-4111,-,466-0843,愛知県名古屋市昭和区菊園町4-30-1,有,"【平日】9:00~12:00、17:00~20:00(月水金)
【土】9:00~13:00",有,URL(リンク切れ)
産婦人科 水野クリニック,231088,愛知県,名古屋市瑞穂区,35.127579,136.934052,052-841-1234,http://nagpya-mizuno-sannhujinka.com,467-0816,愛知県名古屋市瑞穂区牧町2丁目11番地,有,"【月~土】9:00~12:00
【月火木金】18:00~20:00",有,URL(リンク切れ)
医療法人藤渓会 加藤外科産婦人科・乳腺クリニック,231088,愛知県,名古屋市瑞穂区,35.122292,136.947342,052-836-7953,http://www.kato-clinic.jp,467-0027,愛知県名古屋市瑞穂区田辺通5丁目8-2,有,※ 要電話確認,有,
医療法人寿実会ピュア-女性クリニック,231088,愛知県,名古屋市瑞穂区,35.127441,136.952499,052-837-0080,www.pure-jc.com,467-0042,愛知県名古屋市瑞穂区八勝通1丁目14番地2,有,"【月~土】8:45~12:00
【月火水金】15:45~18:00",有,
金山レディ-スクリニック,231096,愛知県,名古屋市熱田区,35.141369,136.900681,052-681-2241,http://klc.ne.jp/,456-0002,愛知県名古屋市熱田区金山町1-202 東和ビル6F,有,"【平日】10:00~19:00
【土】10:00~16:00
※ただし初診は受付終了30分前まで",有,
神宮前オレンジレディ-スクリニック,231096,愛知県,名古屋市熱田区,35.126251,136.912827,052-883-0777,https://www.orange-ladies.com/,456-0032,愛知県名古屋市熱田区三本松町18番4号ミュ-プラット神宮前4階,有,"月・火・木・金 9:15-13:00 15:00-18:45
土 9:15-13:00",有,
一社駅前こばやしレディ-スクリニック,231150,愛知県,名古屋市名東区,35.16803,136.99704,052-702-5884,https://issha-kladies.com/,465-0093,愛知県名古屋市名東区一社2丁目8番オオタ一社ビル2F,有,"平日(月・火・木・金) 9:00~12:00、16:00~19:00
土曜 9:00~13:00
水曜・日曜・祝日は対応しておりません",有,
光生会病院,232017,愛知県,豊橋市,34.763115,137.41481,0532-61-3166,http://www.koseikai-hp.or.jp/,440-0045,愛知県豊橋市吾妻町137,有,"平日 9:00~11:00
土 9:00~11:00
※ 第1.3.5火曜日は10:00まで",無,
パ-クベルクリニック,232017,愛知県,豊橋市,34.754646,137.388107,0532-56-0020,http://www.parkbell.jp/,440-0877,愛知県豊橋市南松山町153,有,緊急の場合は24時間対応可,有,
竹内産婦人科,232017,愛知県,豊橋市,34.767532,137.387421,0532-52-3453,http://www.takeuchi-art.jp,440-0892,愛知県豊橋市新本町23,有,"月火木金 9:00~12:00 14:00~18:00
水土 9:00~12:00",有,
医療法人輝 ジュンレディ-スクリニック豊橋,232017,愛知県,豊橋市,34.736244,137.396942,0532-38-0306,http://www.jun-lc.com,441-8105,愛知県豊橋市北山町61番地の3,有,終日可能,有,
医療法人小石マタニティクリニック,232017,愛知県,豊橋市,34.746979,137.396332,0532-66-1212,http://koishi.or.jp/,440-0858,愛知県豊橋市つつじが丘二丁目7-1,有,"平日(月火水金) 9:00~12:00 15:00~18:00
(木土) 9:00~12:00",有,URL(リンク切れ)
今泉産婦人科医院,232017,愛知県,豊橋市,34.75753,137.413437,0532-62-7173,http://www.imaizumi-san.com,440-0046,愛知県豊橋市仲ノ町112-3,有,"平日 8:30~12:00 14:00~18:30
土 8:30~12:00 14:00~17:00",有,
医療法人 中岡レディ-スクリニック,232017,愛知県,豊橋市,34.732994,137.41806,0532-63-5588,http://www.nakaoka-lc.com,440-0843,愛知県豊橋市東幸町字大山43番地の2,有,24時間対応可,有,
つつじが丘ウイメンズクリニック,232017,愛知県,豊橋市,34.748615,137.399078,0532-66-5550,http://www.t-w-c.jp,440-0858,愛知県豊橋市つつじが丘二丁目3番地10,有,"平日 9:00~12:00 15:00~18:00
土 9:00~12:00",有,
マミ-ロ-ズクリニック,232017,愛知県,豊橋市,34.763161,137.350449,0532-32-6585,http://www.mammyrose.net/,441-8006,愛知県豊橋市高洲町字森下1番地,あり,"(月火木金) 9:00~12:00 16:00~18:00
(水土) 9:30~12:00",有,
エンジェルベルホスピタル,232025,愛知県,岡崎市,34.972359,137.160767,0564-66-0050,http://www.angelbells.jp/,444-0067,愛知県岡崎市錦町5-1,有,緊急の場合は24時間対応可,有,
金山医院,232025,愛知県,岡崎市,34.912102,137.145844,0564-51-9106,https://www.kanayama-iin.com,444-0211,愛知県岡崎市野畑町字南郷中53,有,"火・金 10:30~12:00
※ 上記以外の曜日については要電話相談",有,
せきやクリニック,232025,愛知県,岡崎市,34.983181,137.163498,0564-26-0303,http://www.sekiyaclinic.com,444-2121,愛知県岡崎市鴨田町字広元247,有,"月・火・水・金 9:00~12:00 16:00~19:00
木・土 9:00~12:00",有,
岡崎産婦人科,232025,愛知県,岡崎市,34.981094,137.171478,0564-21-8191,-,444-2122,愛知県岡崎市鴨田本町9番地19,有,"月・火・木・金 9:00~11:30、15:00~17:30
土 9:00~11:30
※ 臨時休業有のため要事前電話",有,URL(リンク切れ)
おおはらマタニティクリニック,232025,愛知県,岡崎市,34.948986,137.193909,0564-21-1585,https://ohara-mc.com,444-0008,愛知県岡崎市洞町字西浦8番地1,有,"月・水・土 9:00~11:30
火・木・金 9:00~11:30 16:30~18:30",有,
医療法人一心会 加藤産婦人科,232025,愛知県,岡崎市,34.953587,137.16452,0564-21-3251,http://www.katohos.or.jp,444-0860,愛知県岡崎市明大寺本町1丁目7番地,有,"月・水・金 9:15~11:30 13:00~16:30
火 9:15~11:30
土 9:00~11:30",有,URL(リンク切れ)
田那村産婦人科,232025,愛知県,岡崎市,34.956795,137.163528,0564-23-8161,http://tana-san.byoinnavi.jp,444-0044,愛知県岡崎市康生通南2丁目23-5,有,"月・火・水・金 9:00~11:30 16:00~18:30
土 9:00~11:30 14:00~16:30",有,
たかレディ-スクリニック,232025,愛知県,岡崎市,34.909817,137.16391,0564-55-4103,http://takalc.com,444-0823,愛知県岡崎市上地1-5-8,有,"月・火・木・金 9:00~12:00 15:30~18:30
水・土 9:00~12:00",有,
トヨタ記念病院,232114,愛知県,豊田市,35.057915,137.177521,0565-28-0100,https://www.toyota-mh.jp/,471-8513,愛知県豊田市平和町1-1,有,緊急避妊の場合は24時間対応可,有,
愛知県厚生農業協同組合連合会豊田厚生病院,232114,愛知県,豊田市,35.119995,137.134598,0565-43-5000,https://toyota.jaaikosei.or.jp/,470-0396,愛知県豊田市浄水町伊保原500-1,有,"月~金 8:20~11:30
土(第1.3) 8:20~11:30",有,
医療法人淳和会内田クリニック,232114,愛知県,豊田市,35.087128,137.160782,0565-35-3500,http://www.uchidaclinic.or.jp,471-0027,愛知県豊田市喜多町4町目50番地1,有,"平日9:00~17:00
土曜9:00~12:00",有,
グリ-ンベルクリニック,232114,愛知県,豊田市,35.02644,137.105057,0565-51-0011,http://www.greenbells.jp,473-0914,愛知県豊田市若林東町棚田160-1,有,緊急の場合は24時間対応可,有,
ウェルスプリングウィメンズクリニック,232114,愛知県,豊田市,35.07769,137.17926,0565-87-2237,http://www.wellspring.jp,471-0805,愛知県豊田市美里6丁目7番地11,有,"AN9:00~12:00(月・火・木・土)
PM15:30~18:45(月・火・木)",有,URL(リンク切れ)
医療法人 茜草会 あかね医院,232114,愛知県,豊田市,35.100826,137.1521,0565-37-8686,http://www.akane-clinic.net,471-0067,愛知県豊田市栄生町4-13-6,有,"月水木金 9:00~12:00
火9:00~12:00 17:00~19:00
土 9:00~12:00",有,
独立行政法人労働者健康安全機構旭労災病院,232262,愛知県,尾張旭市,35.223755,137.016907,0561-54-3131,https://www.asahih.johas.go.jp/,488-8585,愛知県尾張旭市平子町北61,有,月~金 8:15~17:00,無,
津島市民病院,232084,愛知県,津島市,35.173344,136.738327,0567-28-5151,http://www.tsushimacity-hp.jp/,496-8537,愛知県津島市橘町3-73,有,緊急避妊の場合は24時間対応,有,
公立陶生病院,232041,愛知県,瀬戸市,35.225632,137.082642,0561-82-5101,http://www.tosei.or.jp/,489-8642,愛知県瀬戸市西追分町160番地,有,"月~金 8:30~11:00(産婦人科外来通常受付時間)
※救急外来は、平日時間外、土、日、祝日、年末年始も対応",有,
一宮市立市民病院,232033,愛知県,一宮市,35.312656,136.806808,0586-71-1911,https://municipal-hospital.ichinomiya.aichi.jp/,491-8558,愛知県一宮市文京2-2-22,有,緊急避妊の場合は24時間対応,有,
春日井市民病院,232068,愛知県,春日井市,35.271759,136.969574,0568-57-0057,https://www.hospital.kasugai.aichi.jp/,486-8510,愛知県春日井市鷹来町1-1-1,有,緊急の場合は24時間対応可能,有,
社会医療法人志聖会 総合犬山中央病院,232157,愛知県,犬山市,35.364418,136.945648,0568-62-8111,https://www.inuyamachuohospital.or.jp/,484-8511,愛知県犬山市大字五郎丸字二夕子塚6,有,"月~金 8:00~17:00
土 8:00~13:00",有,
江南厚生病院,232173,愛知県,江南市,35.355091,136.877869,0587-51-3333,http://www.jaaikosei.or.jp/konan/,483-8704,愛知県江南市高屋町大松原137,有,緊急避妊の場合は24時間対応可,有,URL(リンク切れ)
半田市立半田病院,232050,愛知県,半田市,34.892151,136.938858,0569-22-9881,https://www.handa-hosp.jp/,475-8599,愛知県半田市東洋町2丁目29番地,有,緊急避妊の場合は24時間対応可,有,
医療法人双葉会 藤田病院,232050,愛知県,半田市,34.895397,136.926666,0569-21-0951,http://www.fujita-hp.com/,475-0858,愛知県半田市泉町111-18,有,"月水金 9:00~12:00 14:00~15:00 18:00~19:00
火木土 9:00~12:00 14:00~15:00",有,
愛知県厚生農業協同組合連合会知多厚生病院,234460,愛知県,知多郡美浜町,34.775185,136.90625,0569-82-0395,https://chita.jaaikosei.or.jp/,470-2404,愛知県知多郡美浜町大字河和字西谷81-6,有,月~金 8:10~11:40,有,
常滑市民病院,232165,愛知県,常滑市,34.896324,136.852585,0569-35-3170,http://www.tokonamecityhospital.jp/,479-8510,愛知県常滑市飛香台3-3-3,有,緊急避妊は24時間対応,有,
公立西知多総合病院,232220,愛知県,東海市,34.999187,136.899323,0562-33-5500,http://www.nishichita-hp.aichi.jp/,477-8522,愛知県東海市中ノ池3-1-1,有,月~金 8:30~17:15,有,
刈谷豊田総合病院,232106,愛知県,刈谷市,34.983463,137.005905,0566-21-2450,http://www.toyota-kai.or.jp/,448-8505,愛知県刈谷市住吉町5丁目15番地,有,緊急避妊の場合は24時間対応可,有,
ピ-チベルクリニック,232122,愛知県,安城市,34.968533,137.088562,0566-76-8311,https://www.peachbells.jp/,446-0061,愛知県安城市新田町小山117,有,"月火金 9:00~12:30 16:00~19:00
水木土 9:00~12:30",有,
豊川市民病院,232076,愛知県,豊川市,34.8367,137.341629,0533-86-1111,https://www.toyokawa-ch-aichi.jp/,442-8561,愛知県豊川市八幡野路23,有,"月~金 8:30~12:30
※ 性的被害者は24時間対応",有,
足立産婦人科,232033,愛知県,一宮市,35.305958,136.798615,0586-24-0522,https://www.adachisan.jp/,491-0858,愛知県一宮市栄1-3-4,有,"月~金 9:00~12:00 17:00~19:00
土 9:00~12:00",有,
おおにしブレストウィメンズクリニック,232033,愛知県,一宮市,35.315567,136.753479,0586-61-6611,https://onishi-bw-clinic.com/,494-0001,愛知県一宮市開明字畑添14-1,有,"月火水金 9:00~12:30 17:00~18:30(午後は予約制:救急対応は個別)
土 9:00~12:30",有,
可世木レディスクリニック,232033,愛知県,一宮市,35.301655,136.793076,0586-47-7333,http://funin-kaseki.com/,491-0905,愛知県一宮市平和1-9-26,有,"月火水金 9:00~12:30 16:30~19:30
木土 9:00~12:30",有,
メイプルベルクリニック,232033,愛知県,一宮市,35.312176,136.760956,0586-62-7855,https://maplebell.jp/,494-0001,愛知県一宮市開明字蒲原21番地,有,緊急の場合は24時間対応可,有,
田中クリニック,232033,愛知県,一宮市,35.299194,136.801987,0586-72-2686,https://itp.ne.jp/info/239886380300000899/,491-0859,愛知県一宮市本町4-19-24,有,"月火水金 9:00~12:30 17:00~19:00
木土 9:00~12:30",有,URL(リンク切れ)
つかはらレディ-スクリニック,232033,愛知県,一宮市,35.300194,136.828857,0586-81-8000,http://www.tsukahara-l-c.jp/,491-0871,愛知県一宮市浅野字居森野71-1,有,"月火木金 9:00~12:00 17:00~19:00
水土 9:00~12:00",有,
てしがわらレディスクリニック,232033,愛知県,一宮市,35.297859,136.779236,0586-43-7788,-,491-0932,愛知県一宮市大和町毛受浜田18,有,"月木金 9:00~12:00 17:00~19:00
火土 9:00~12:00",有,URL(リンク切れ)
セブンベルクリニック,232203,愛知県,稲沢市,35.246468,136.812943,0587-33-7877,http://www.sevenbells.jp/,492-8144,愛知県稲沢市小池4丁目122,有,緊急の場合は24時間対応可,有,
三輪産婦人科小児科,232203,愛知県,稲沢市,35.260086,136.782104,0587-21-2332,https://www.miwa-clinic.jp/,492-8271,愛知県稲沢市石橋2-150,有,"月火木金 9:00~12:00 17:00~20:00
水土 9:00~12:00",有,
中原クリニック,232041,愛知県,瀬戸市,35.231415,137.068207,0561-88-0311,https://www.nakanic.com/,489-0989,愛知県瀬戸市山手町327,有,"月火水金 9:00~12:00 17:00~19:00
木土 9:00~12:00",有,
クリニックベル,232041,愛知県,瀬戸市,35.220276,137.072006,0561-83-2828,http://clinicbell.or.jp/0,489-0915,愛知県瀬戸市北浦町3-16,有,緊急避妊の場合は24時間対応可,有,URL(リンク切れ)
浅野産婦人科,232262,愛知県,尾張旭市,35.214123,137.024963,0561-53-7500,http://www.asanosanfujinka.jp/,488-0867,愛知県尾張旭市城前町4-1-9,有,緊急避妊の場合は24時間対応,有,
いしかわレディ-スクリニック,232262,愛知県,尾張旭市,35.193325,137.031372,0561-55-3800,https://www.ishikawa-lc.jp/,488-0047,愛知県尾張旭市南栄町黒石64-5,有,"月火水金 9:00~12:00 16:30~19:30
木 9:00~12:00
土 9:00~12:30",無,
医療法人伊藤ウィメンズクリニック,232386,愛知県,長久手市,35.176884,137.040436,0561-62-6320,-,480-1172,愛知県長久手市宮脇917,有,"月 9:00~12:00 17:00~19:30
火 9:00~12:00 13:30~15:30
水金 9:00~12:00 13:30~15:30 17:00~19:30
木土 9:00~12:00",有,URL(リンク切れ)
アキラレディスクリニック,232297,愛知県,豊明市,35.063049,137.013885,0562-93-7333,http://akira-ladiesclinic.com/,470-1121,愛知県豊明市西川町広原5,有,"月火木金 9:00~12:00 17:00~19:00
水土 9:00~12:00",有,
寺島レディスクリニック,232300,愛知県,日進市,35.113529,137.051483,0561-74-0311,-,470-0115,愛知県日進市折戸町枯木166,有,"月金 9:30~12:30 15:30~17:30
火木 9:30~12:30 15:30~18:30
土 9:30~12:30",有,URL(リンク切れ)
ともまつレディスクリニック,232300,愛知県,日進市,35.119991,137.049271,0561-75-4755,-,470-0113,愛知県日進市栄2-1201 ガ-デンセラム1F,有,"月~金 9:30~12:30 17:00~19:00
土 9:30~12:30",有,URL(リンク切れ)
レディ-スクリニックアンジュ,232300,愛知県,日進市,35.147724,137.023529,0561-74-1101,http://www.lc-ange.com/,470-0135,愛知県日進市岩崎台1丁目1202,有,"月木金 9:00~12:00 17:00-19:00
火水土 9:00~12:00",有,
医療法人森永産婦人科,232068,愛知県,春日井市,35.244473,136.980164,0568-81-1303,https://www.morinaga-mc.jp/,486-0836,愛知県春日井市八事町3-46,有,"月水金 8:30~12:00 17:00~19:00
火木土 8:30~12:00",有,
神領マタニティ,232068,愛知県,春日井市,35.254211,137.008148,0568-87-4103,http://www.jinryou.jp/,486-0829,愛知県春日井市堀ノ内町3丁目7番地9,有,"月水木土 8:30~11:30
火金 8:30-11:30 16:00~17:30",有,
かすがいマタニティクリニック,232068,愛知県,春日井市,35.261314,136.94693,0568-36-0301,http://kasugai-mc.net/index.php,486-0903,愛知県春日井市前並町字東屋敷103,有,"月火木金 9:00~12:00 16:00~19:00
水土日 9:00~12:00",有,
医療法人雄峰会まのウィメンズクリニック,232068,愛知県,春日井市,35.232502,136.958969,0568-36-0303,http://www.manowomensclinic.com/clinic.html,486-0931,愛知県春日井市松新町2-5,有,"月木土 8:30~11:30
火水金 8:30~11:30 16:30~19:00
※ 未婚の未成年者は保護者同伴とする",有,URL(リンク切れ)
医療法人友愛会 ミナミ産婦人科,232190,愛知県,小牧市,35.315914,136.942627,0568-75-3882,-,485-0004,愛知県小牧市田県町47,有,"月水金 8:30~12:00 17:30~20:00
火木土 8:30~12:00",有,URL(リンク切れ)
みわレディ-スクリニック,232190,愛知県,小牧市,35.291588,136.926361,0568-76-2603,http://www.miwalc.jp/,485-0041,愛知県小牧市小牧2-582,有,"月水金 9:00~13:00 17:00~19:30
火水土 9:00~13:00",有,
産科・婦人科 ミナミクリニック,232190,愛知県,小牧市,35.303139,136.927383,0568-75-3732,https://sankafujinka-minami-cl.jp/,485-0829,愛知県小牧市小牧原4-38-1,有,緊急避妊の場合は24時間対応可,有,
マザ-クリニックハピネス,232157,愛知県,犬山市,35.372372,136.957184,0568-63-4103,http://www.ootuka-lc.com/mother/,484-0096,愛知県犬山市塔野地西1-4-6,有,"月水金 9:30-12:00 16:30-18:30
火木土 9:30-12:00",有,
まつかわクリニック,232173,愛知県,江南市,35.357883,136.871826,0587-57-8003,http://matsukawa-m-c.jp/,483-8313,愛知県江南市村久野町中郷213-1,有,"月火木金 9:00~12:00 16:00~19:00
水土 9:00~12:00",有,
若山産婦人科医院,232173,愛知県,江南市,35.343479,136.868042,0587-55-0230,https://www.wakayama-clinic.com/,483-8331,愛知県江南市古知野町高瀬41,有,"月水金 9:00~12:30 16:30~19:00
火木土 9:00~12:30",有,
医療法人尚生会 やまだ産婦人科,232173,愛知県,江南市,35.345779,136.87854,0587-54-7511,https://www.yamada-og.or.jp/,483-8063,愛知県江南市高屋町八幡116,有,"月火水金 9:00~12:30 17:00~19:00
木土 9:00~12:30",有,
医療法人おおわきレディスクリニック,232173,愛知県,江南市,35.314884,136.877197,0587-56-3556,http://ohwaki.byoinnavi.jp/pc/,483-8155,愛知県江南市南山町中225-2,有,"月水金 8:30~12:00 17:30~20:00
水木土 8:30~12:00",有,URL(リンク切れ)
大野レディスクリニック,232289,愛知県,岩倉市,35.268856,136.870468,0587-37-3323,https://www.ohno-clinic.jp/,482-0012,愛知県岩倉市稲荷町高畑10,有,月~土曜日 9:00~12:00,有,
小林産婦人科,232343,愛知県,北名古屋市,35.243092,136.865814,0568-22-3320,-,481-0033,愛知県北名古屋市西之保深坪82-2,有,"月水金 9:00~12:00 17:00~19:00
火木土 9:00~12:00",有,URL(リンク切れ)
藤の花レディ-スクリニック,232343,愛知県,北名古屋市,35.245659,136.865967,0568-23-8008,http://www.fujinohana-ladies.com/,481-0037,愛知県北名古屋市鍛冶ヶ一色東1-3,有,"月火木金 9:00~11:30 16:00~18:00
水土 9:00~11:30",有,
大橋産婦人科クリニック,232084,愛知県,津島市,35.174206,136.741531,0567-26-7111,https://www.ohashi-lc.com/,496-0031,愛知県津島市埋田町2-63,有,"月水金 8:45~12:00 16:00~18:00
火木土 8:45~12:00",有,
貴子ウィメンズクリニック,232084,愛知県,津島市,35.185047,136.719101,0567-23-5786,https://takako-womens-clinic.com/,496-0868,愛知県津島市申塚町1-122,有,"月 9:00~12:00 15:30~17:30
水 9:00~12:00 16:00~18:00
金 9:00~12:00 16:30~18:00
火木 9:00~12:00",有,
医療法人雄峰会 真野産婦人科,232084,愛知県,津島市,35.176651,136.750656,0567-26-4556,http://www.yuhookai.jp/Mano00_top.html,496-0027,愛知県津島市大字津島字北新開128-1,有,"月水木 8:30~11:30
火金 8:30~11:30 16:30~19:00
※ 未婚の未成年者は保護者同伴に限り対応",有,
産婦人科佐屋クリニック,232327,愛知県,愛西市,35.149506,136.712601,0567-28-0311,http://www.saya-clinic.jp,496-0901,愛知県愛西市佐屋町宅地207,有,"月火水金 9:00~12:00 16:30~18:30
木土 9:00~12:00",有,
富田レディ-スクリニック,232378,愛知県,あま市,35.18708,136.833618,052-441-5811,-,490-1113,愛知県あま市中萱津南の川66,有,"月水金 9:00~12:00 18:00~20:00
火木土 9:00~12:00",有,URL(リンク切れ)
医療法人双葉会 ふたばクリニック,232050,愛知県,半田市,34.892632,136.894226,0569-20-5000,http://www.futaba-c.com/,475-0977,愛知県半田市吉田町6-82,有,"月水金 9:00~12:00 16:30~18:30
火木土 9:00~12:00",有,
広渡レディスクリニック,234419,愛知県,知多郡阿久比町,34.955189,136.914124,0569-48-7703,http://www.hirowatari-ladys.com/,470-2201,愛知県阿久比町白沢天神前27,有,"月水金 9:00~12:00 16:00~18:30
火木 9:00~12:00",有,
医療法人広川レディスクリニック,232238,愛知県,大府市,35.029106,136.953293,0562-44-1188,http://www.hirokawa-lc.jp/,474-0055,愛知県大府市一屋町4-38,有,"日木金 9:00~12:30 17:00~19:00
火水土 9:00~12:30
※ 時間外も相談可",有,
医療法人慧成会 産院いしがせの森,232238,愛知県,大府市,35.007191,136.950241,0562-44-4134,http://ishigasenomori.com/,474-0038,愛知県大府市森岡町1-193,有,"月火金土 9:00~16:00
木 9:00~13:00 16:00~19:00",有,
医療法人原田レディ-スクリニック,232246,愛知県,知多市,34.993938,136.877014,0562-36-1103,http://harada-lc.com/,478-0063,愛知県知多市寺本新町1-172,有,"月水金 9:00~12:00 17:00~19:00
火木 9:00~12:00
土 9:00~13:00",有,
医療法人清風会 岡村産科婦人科,232092,愛知県,碧南市,34.88311,136.992905,0566-41-2726,-,447-0879,愛知県碧南市沢渡町29,有,"月水金 9:00~12:00 13:30~15:30 16:00~18:30
火木 9:00~12:00 13:30~15:30
土 9:00~12:00 13:30~15:30",有,URL(リンク切れ)
医療法人 輝 ジュンレディ-スクリニック刈谷,232106,愛知県,刈谷市,34.971725,137.04451,0566-24-0306,http://www.jun-lc-anjo.com/,448-0802,愛知県刈谷市末広町三丁目6番1,有,"月~土 9:00~11:30
※ 土曜の診療は隔週のため要電話確認",有,
医療法人裕修会 篠原産婦人科医院,232122,愛知県,安城市,34.952328,137.085419,0566-76-5456,-,446-0035,愛知県安城市錦町10-10,有,"月火水金 8:00~12:00 15:30~18:00
木土 8:00~12:00",有,URL(リンク切れ)
医療法人佐野レディ-スクリニック,232122,愛知県,安城市,34.942978,137.073715,0566-75-2141,http://sano-lc.jp/,446-0026,愛知県安城市安城町西広畔114-2,有,"月火水金 9:30~12:00 16:00~18:30
土 9:30~12:00",有,
はちウィメンズクリニック,232122,愛知県,安城市,34.959595,137.057114,0566-71-4800,http://www.hachi-clinic.jp/,446-0051,愛知県安城市箕輪町唐生37,有,"月水木金 9:00~12:00 16:00~19:30
土 9:30~13:30
※ 受付は終了30分前まで",有,
医療法人 輝 ジュンレディ-スクリニック安城,232122,愛知県,安城市,34.972691,137.064087,0566-71-0308,http://www.jun-lc-anjo.com/,446-0073,愛知県安城市篠目町童子202番8,有,全日 24時間対応可,有,
医療法人セントファミリアクリニック,232254,愛知県,知立市,35.003906,137.030609,0566-81-0070,https://www.st-familia.com/,472-0055,愛知県知立市鳥居1-18-3,有,"月 9:00~12:00 17:00~19:00
火木 9:00~12:00 PM予約制
金 9:00~15:00 17:00~19:00
土 9:00~12:00 15:00~17:00",有,
高浜愛レディ-スクリニック,232270,愛知県,高浜市,34.936001,136.996475,0566-54-5161,-,444-1332,愛知県高浜市湯山町3-9-6,有,"月火木金 8:45~12:15 15:00~18:15
土 8:45~12:00",有,URL(リンク切れ)
花レディ-スクリニック,232360,愛知県,みよし市,35.122154,137.107849,0561-33-0311,http://www.hana-lc.com/,470-0207,愛知県みよし市福谷町細田1-3,有,"月火水金 9:00~11:30 17:00~18:30
木土 9:00~11:30 17:00~18:30",有,
医療法人愛凰会 荻野医院,232211,愛知県,新城市,34.932003,137.56572,0536-32-0020,-,441-1634,愛知県新城市長篠字下り蔵60-4,有,"月火木 8:30~12:00 17:00~19:00
水金 8:30~12:00",有,URL(リンク切れ)
藤澤フラウエンクリニク,232076,愛知県,豊川市,34.819157,137.369827,0533-84-1180,http://fujisawa-fk.com/,442-0839,愛知県豊川市四ツ谷町2-53,有,月~土 9:00~12:30,有,
渡辺マタニティクリニック,232076,愛知県,豊川市,34.80846,137.382889,0533-85-3511,http://watanabe-m-clinic.com,442-0826,愛知県豊川市牛久保町城跡36,有,"月水金 9:00~12:00 15:30~18:00
火土 9:00~12:00",有,URL(リンク切れ)
医療法人 星越 加藤医院,232149,愛知県,蒲郡市,34.809322,137.26738,0533-59-7878,https://www.hoshigoe.or.jp/,443-0013,愛知県蒲郡市大塚町星越1-20,有,"月 9:00~12:00
水~日 9:00~12:00 15:00~19:00",有,
オレンジベルクリニック,232149,愛知県,蒲郡市,34.825928,137.228485,0533-68-2311,http://www.orangebell.jp/,443-0056,愛知県蒲郡市神明町23-21,有,緊急の場合は24時間対応,有,
マイファミリ-クリニック蒲郡,232149,愛知県,蒲郡市,34.828739,137.224442,0533-67-2626,http://www.jin-i.com/,443-0057,愛知県蒲郡市中央本町6-7,有,"水 9:00~11:30 15:30~18:30
木~日 9:00~11:30 13:30~16:00",有,
