施設_名称,施設_市区町村コード,住所_都道府県,住所_市区町村（郡）,住所_緯度,住所_経度,連絡先_電話番号,連絡先_FormURL,連絡先_郵便番号,連絡先_住所,緊急避妊に係る診療が可能な産婦人科医療機関等_産科、婦人科又は産婦人科の標榜の有無,緊急避妊に係る診療が可能な産婦人科医療機関等_医療機関における緊急避妊にかかる対面診療への対応可能時間帯,緊急避妊に係る診療が可能な産婦人科医療機関等_常時の緊急避妊薬の在庫の有無,エラー
医療法人瑞称会くれはの里レディ-スクリニック,272043,大阪府,池田市,34.823318,135.447617,072-748-1122,http://www.kurehanosato.jp,563-0022,大阪府池田市旭丘2-4-17,有,"9:30-12:30(火・水・木・土)
15:30-19:00(月・火・木・金)",有,
箕面市立病院,272205,大阪府,箕面市,34.823154,135.483505,072-728-2001,https://minoh-hp.jp/,562-0014,大阪府箕面市萱野5-7-1,有,平日・土日祝日 0:00-23:59,有,
共立さわらぎ産婦人科,272205,大阪府,箕面市,34.84375,135.503464,072-726-1103,http://www.sawaragi-hosp.jp/,562-0025,大阪府箕面市粟生外院6-3-5,有,平日9:00-19:00、土曜9:00-16:00,有,
松崎産婦人科クリニック,272043,大阪府,池田市,34.821121,135.427109,072-750-2025,http://www.matsuzaki-clinic.com,563-0055,"大阪府池田市菅原町3-1
ステ-ションN2階 202号-2",産婦人科で有,"平日9:00-12:00、16:30-19:30
土曜9:00-12:00",有,
川口レディ-スクリニック,272043,大阪府,池田市,34.821445,135.425156,072-753-5888,https://kawaguchi-ladies.com,563-0048,"大阪府池田市呉服町1-1
サンシティ池田305",有,"月-土9:00-12:00
月、木14:30-17:30
火、金17:00-20:00",有,
"医療法人徳洲会
吹田徳洲会病院",272051,大阪府,吹田市,34.79718,135.543076,06-6878-1110,https://www.suita.tokushukai.or.jp,565-0814,大阪府吹田市千里丘西21-1,有,"平日 9:00-17:00
土曜 9:00-12:00",有,
大阪府済生会吹田病院,272051,大阪府,吹田市,34.7616,135.534607,06-6382-1521,https://www.suita.saiseikai.or.jp,564-0013,大阪府吹田市川園町1-2,有,日勤、当直(24時間可能),有,
大阪府済生会千里病院,272051,大阪府,吹田市,34.79488,135.510178,06-6871-0121,http://www.senri.saiseikai.or.jp,565-0862,大阪府吹田市津雲台1丁目1-6,有,"平日 9:00-17:00
土曜 9:00-12:00
※院外処方対応のみ",無,
市立吹田市民病院,272051,大阪府,吹田市,34.77626,135.537354,06-6387-3311,https://www.suitamhp.osaka.jp,564-8567,大阪府吹田市岸部新町5-7,有,平日 8:30-11:00,有,
"医療法人ボンヌサンテ
宇田レディ-スクリニック",272051,大阪府,吹田市,34.792252,135.495483,06-6833-0558,"http://www.eonet.ne.jp/-bonnesante/index.ht
ml",565-0854,"大阪府吹田市桃山台5丁目2-3
アザ-ル桃山台3階",有,"月・火・水・金曜
9:00-12:00、16:00-19:00
土曜 9:00-12:00",有,URL(リンク切れ)
飯藤産婦人科,272051,大阪府,吹田市,34.762127,135.513229,06-6388-0141,http://www.iito.jp,564-0041,大阪府吹田市泉町5丁目6-6,有,"月~土曜 9:00-13:00
月・水・金曜 17:30-19:30",有(少量),
いとうレディ-スクリニック,272051,大阪府,吹田市,34.779026,135.505951,06-6369-7333,http://ito-lc.com,565-0844,大阪府吹田市千里山霧が丘1-5-101,有,"平日 9:00-12:30、15:00-19:00
土曜 9:00-16:00",有,
"医療法人社団公仁会
城クリニック",272051,大阪府,吹田市,34.759941,135.520294,06-6381-2281,http://www.jyo-clinic.jp,564-0031,大阪府吹田市元町26-10,有,"月~土曜 9:00-12:00
月曜 13:00-19:00
火・水・金曜 16:30-19:00",有,
"医療法人琢生会
神田マタニティクリニック",272051,大阪府,吹田市,34.764431,135.489426,06-6330-1135,http://www.kanda-mc.com,564-0063,大阪府吹田市江坂町3丁目31-5,有,"月~金曜 9:00-12:00、17:00-19:00
土曜 9:00-12:00、14:00-16:00",有,
"医療法人琢生会
神田マタニティクリニック分院",272051,大阪府,吹田市,34.756542,135.494934,06-6339-7241,http://www.kandaclinic.com,564-0053,"大阪府吹田市江の木町5-26
プラトゥビル3階",有,"月・火・水・金・土曜 9:30-13:00
月・金曜 14:30-16:30
月・水曜 17:30-20:00",有,
"医療法人優美会
吉井クリニック",272051,大阪府,吹田市,34.760098,135.496902,06-6388-0110,http://www.yoshiiclinic.jp/,564-0051,"大阪府吹田市豊津町1-21
エサカ中央ビル5階",有,"月・火・水・金・土曜 10:00-13:00
月・火・水・金曜 15:00-19:00",有,
加藤レディ-スクリニック,272051,大阪府,吹田市,34.803959,135.51445,06-6871-1010,http://www.kato-ladies.com,565-0862,"大阪府吹田市津雲台5丁目19-18
千里つくも医療ビル2階",有,"月・火・水・金・土曜 9:00-12:00
月・火・金曜 17:30-19:30",有,
かまちレディ-スクリニック,272051,大阪府,吹田市,34.791775,135.509094,06-6170-9129,http://kamachi-ladies.com,565-0855,"大阪府吹田市佐竹台1丁目4-1
クリニックモ-ル南千里 201号",有,"月・火・木・金曜 9:00-12:00、15:30-18:30
水・土曜 9:00-12:00",有,
医療法人玉樹会 玉田レディ-スクリニック,272051,大阪府,吹田市,34.77626,135.537354,06-4860-6622,http://www.tamada-cl.com,564-0018,"大阪府吹田市岸部新町5-25
健都メディカルビル2階",有,"月・火・金曜 9:30-13:00、16:00-19:30
木曜 16:00-19:30
土曜 9:00-14:30",有,
西田ヒロ子クリニック,272051,大阪府,吹田市,34.758106,135.500351,06-6380-1651,http://hiroko-clinic.jp,564-0063,"大阪府吹田市江坂町1丁目21-39-303
土泰第一ビル3階",有,"月~土曜 9:30-13:00
月・火・木・金曜 16:00-19:00",有,
林田レディ-スクリニック,272051,大阪府,吹田市,34.759403,135.5168,06-4863-5773,-,565-0874,"大阪府吹田市吉江台4丁目2-60
北千里医療ビル5階",有,"月・火・水・金曜 9:30-12:00、14:00-17:00
土曜 9:30-12:00",有,URL(リンク切れ)
みさき医院,272051,大阪府,吹田市,34.775913,135.541168,06-6381-6022,-,564-0011,大阪府吹田市岸部南2丁目1-6,有,"月・火・水・金曜
9:00-12:00、17:00-19:00
土曜 9:00-12:00",有,URL(リンク切れ)
吉本婦人科クリニック,272051,大阪府,吹田市,34.765282,135.522598,06-6337-0260,http://www.yoshimoto-clinic.net,564-0082,"大阪府吹田市片山町1丁目3-5
シルバ-マンションII2階",有,"平日 9:00-12:30、16:00-17:00
土曜 9:00-13:00",有,URL(リンク切れ)
医療法人 恵仁会 田中病院,272116,大阪府,茨木市,34.802143,135.567459,072-635-5831,info@tanaka-hsp.or.jp,567-0861,大阪府茨木市東奈良3-16-31,有,"平日 9:00~12:30 17:30~19:30
土曜 9:00~12:30",有,
医療法人恒昭会 藍野病院,272116,大阪府,茨木市,34.69389,135.502045,072-627-7611,http://www.koshokai.or.jp/aino/,567-0011,大阪府大阪府茨木市高田町11番18号,有,"月(13:30~15:30)
水( 9:00~12:00)
金(13:30~15:30)",有,URL(リンク切れ)
医療法人和倉会 サンタマリア病院,272116,大阪府,茨木市,34.811714,135.570892,072-627-3459,st-main@santamaria-med.jp,567-0884,大阪府茨木市新庄町13-15,有,"月~土:9:00~12:00
月・火・木・金:14:00~17:00",無,
"社会福祉法人恩賜財団大阪府支部
大阪府済生会茨木病院",272116,大阪府,茨木市,34.820595,135.556686,567-0035,https://www.ibaraki.saiseikai.or.jp/,567-0035,大阪府茨木市見付山2-1-45,有,"平日 9:00~17:00
土曜日 9:00~12:30
(第三土曜日を除く)",有,
友紘会総合病院,272116,大阪府,茨木市,34.827789,135.526505,072-641-2488,http://www.yukoukai.com/,567-0058,大阪府茨木市西豊川町25番1,有,"平日:9:00~17:00
土日祝:9:00~12:00",有,
医療法人 大崎医院,272116,大阪府,茨木市,34.81591,135.573959,072-624-5087,www.osaki-clinic.net,567-0817,大阪府茨木市別院町7番33号,有,"平日:9:00~12:30,17:00~19:30
水・土:午前のみ",有,
医療法人 加藤産婦人科クリニック,273015,大阪府,三島郡島本町,34.878834,135.667694,075-962-3355,a-osan.com,618-0014,大阪府三島郡島本町水無瀬1丁目14-13,有,緊急時は24時間,有,
"医療法人輝
ジュンレディ-スクリニック千里丘",272248,大阪府,摂津市,34.789795,135.546173,06-6330-3203,http://www.jun-lc.com,566-0001,大阪府摂津市千里丘2丁目15番16号,有,24時間,有,
医療法人橘井会 江川産婦人科医院,272116,大阪府,茨木市,34.828644,135.585403,072-625-3675,egawa-lc.net,567-0801,大阪府茨木市総持寺2丁目1番5号,有,"月・水・金:9:00~12:00、17:00~19:30
火・木・土:9:00~12:00",有,
医療法人稲風会 鈴木医院,272116,大阪府,茨木市,34.815102,135.567688,072-624-1113,http://suzuki-clinic.fm,567-0888,大阪府茨木市駅前3丁目5番21号,有,"月~土:9:00~12:30
火・木・土:13:00~14:45
月・木・金:17:30~19:15",有,
奥田産婦人科,272116,大阪府,茨木市,34.820007,135.577759,072-622-5253,www.okd-sanfujinka.com/index.html,567-0815,大阪府茨木市竹橋町15番8号,有,"平日:9:00~12:00、17:00~20:00
土:9:00~12:00",有,URL(リンク切れ)
きどレディ-スクリニック,272116,大阪府,茨木市,34.814224,135.576935,072-635-6366,-,567-0828,大阪府茨木市舟木町15番6号,有,"月・火・木~土:9:00~12:30
月・水・金:16:30~18:30
火:15:00~17:30",有,URL(リンク切れ)
学校法人関西医科大学関西医科大学総合医療センタ-,272094,大阪府,守口市,34.72834,135.556442,06-6992-1001,http://www.kmu.ac.jp/takii/,570-8507,大阪府守口市文園町10番15号,有,平日 8:30~11:30,有,
医療法人慈心会栗林クリニック,272230,大阪府,門真市,34.73909,135.580612,06-6909-2060,http://Kuri-clinic.or.jp,571-0057,大阪府門真市元町4-5,有,"月水金 9:30~12:30 17:00~19:00
木土 9:30~12:30",有,
医療法人飯藤産婦人科,272230,大阪府,門真市,34.740734,135.593491,06-6909-0815,http://iito.or.jp,571-0030,大阪府門真市末広町2-7,有,"平日 9:00~13:30 18:00~20:00
土 9:00~13:00",有,
医療法人神谷産婦人科医院,272230,大阪府,門真市,34.734928,135.578568,06-6908-5156,http://kamiya-clinic.or.jp,571-0046,大阪府門真市本町25番8号,有,"月火金 9:00~19:00
水 9:00~13:00 17:00~19:00
土 9:00~15:00",有,
金子産婦人科,272230,大阪府,門真市,34.744057,135.593582,06-6901-3631,http://www.kanekolc.jp/,571-0068,大阪府門真市大倉町6番14号,有,"月~土 9:00~12:00
月・水・金 14:00~17:00
火・木 17:00~19:00",有,
桑名クリニック,272094,大阪府,守口市,34.725628,135.554993,06-6993-0785,http://www.moriguchi-med.or.jp/kuwana/,570-0076,大阪府守口市滝井西町1-5-5,有,"月火木金土 10:00~12:00 17:00~19:00
水 17:00~19:00",有,
医療法人徳洲会 野崎徳洲会病院,272183,大阪府,大東市,34.71114,135.633606,072-874-1641,https://nozaki.tokushukai.or.jp/,574-0074,大阪府大東市谷川2丁目10番50号,有,"月・火・水・金 9:00~17:00
木 9:00~12:00",有,URL(リンク切れ)
医療法人仁久会 藤原産婦人科,272302,大阪府,交野市,34.791443,135.671021,072-892-0341,"http://www.asahi-net.or.jp/-td6y-
fjwr/profile.html",576-0042,大阪府交野市梅が枝44番3号,有,"月・火・木・金・土 9:00~12:00
月・火・金 17:30~19:30",有,URL(リンク切れ)
医療法人はと産婦人科,272302,大阪府,交野市,34.771439,135.675293,072-891-4103,https://www.hatosanhujinka.jp/,576-0022,大阪府交野市藤が尾4丁目3-16,有,"月~金 9:00~12:00
月・火・木・金 17:00~20:00",有,
天の川レディ-スクリニック,272302,大阪府,交野市,34.785515,135.67572,072-892-1124,http://amanogawa-ivf.com/,576-0041,大阪府交野市私部西2丁目3番15号,有,"予約制
月・火・水(第1、3)・金・土 9:30~12:15
月 16:30~19:15
金 16:30~18:15",有,
医療法人 たかばたけウィメンズクリニック,272183,大阪府,大東市,34.702759,135.620407,072-873-6671,http://www.takabatake-cl.net/,574-0033,大阪府大東市扇町4番18号,有,"月~土 9:00~12:30
月・火・木・金 16:30~19:30",有,
医療法人 小林医院 (HPには小林産婦人科クリニックと記載),272183,大阪府,大東市,34.70961,135.61702,072-872-0268,http://www.kobayashi-clinic.or.jp/,574-0046,大阪府大東市赤井2丁目2番20号,有,"24時間対応可能。
ただし分娩がある場合は診察時間外不可の場合もある。",有,
医療法人三和会 福田産婦人科医院,272299,大阪府,四條畷市,34.745148,135.640747,072-862-0621,http://www.fukuda-lc.com/,575-0002,大阪府四條畷市岡山1丁目4-7,有,"月~土 9:00~12:00
月~金 18:00~20:00",有,URL(リンク切れ)
ふくだクリニック,272299,大阪府,四條畷市,34.741364,135.642212,072-862-1156,http://web1.kcn.jp/dream/fukuda/,575-0051,大阪府四條畷市中野本町8-39,有,"月~土 8:30~12:00
月・木・金 16:30~19:30",有,
江藤クリニック,272221,大阪府,羽曳野市,34.537632,135.609665,072-956-8881,,583-0861,大阪府羽曳野市西浦1242番6号,有,"月火水木金土 9:00~13:00
月火木金 17:00~20:00",有,
いしどレディ-スクリニック,272221,大阪府,羽曳野市,34.572895,135.572998,072-959-7123,,583-0885,大阪府羽曳野市南恵我之荘1丁目1番29号,有,"月火木土 8:30~13:00
水 8:30~12:00
月火水木 17:00~19:30",有,
医療法人光仁幸会 西本産婦人科,272175,大阪府,松原市,34.575222,135.557693,072-331-0512,,580-0016,大阪府松原市上田3-7-25,有,"月火水金土 9:00~12:00
月火水金 16:30~19:30",有,
医療法人平成会平松産婦人科クリニック,272264,大阪府,藤井寺市,34.571159,135.597458,072-955-8881,,583-0024,大阪府藤井寺市藤井寺1-6-1,有,"月火水木金土 9:00~13:00
月火木金 17:00~20:00",有,
医療法人 船内クリニック,272264,大阪府,藤井寺市,34.570221,135.599548,072-955-0678,,583-0024,大阪府藤井寺市藤井寺1-9-8,有,"月火水木金 9:00~12:00
月火水木 17:00~19:00",有,
岡本産婦人科医院,272213,大阪府,柏原市,34.586609,135.623947,072-972-1110,,582-0006,大阪府柏原市清洲2丁目3-41,有,"月火水金土 9:30~12:00
月火水金 14:00~18:00",有,
市立柏原病院,272213,大阪府,柏原市,34.59251,135.624359,072-972-0885,http://www.hospital-kashiwara-osaka.jp/,582-0005,大阪府柏原市法善寺1-7-9,有,平日9:00-16:00,有,
PL病院,272140,大阪府,富田林市,34.512039,135.589111,0721-24-3100,http://www.plhospital.or.jp,584-8585,大阪府富田林市新堂2204,有,24時間,有,
独立行政法人国立病院機構 大阪南医療センタ-,272167,大阪府,河内長野市,34.472267,135.571899,0721-53-5761,https://osakaminami.hosp.go.jp/,586-8521,大阪府河内長野市木戸東町2番1号,有,平日8:30-11:00,無,
医療法人てらにしレディ-スクリニック,272310,大阪府,大阪狭山市,34.515892,135.547882,072-367-0666,http://www.teranishiladiesclinic.com/,589-0008,大阪府大阪狭山市池尻自由丘1丁目2-1,有,"月~土9:00-12:00
月~木土14:00-16:00
月木17:00-19:00",有,
医療法人英駿会斉藤ウィメンズクリニック,272140,大阪府,富田林市,34.499725,135.561554,0721-40-1151,http://www.saitou-womens-clinic.com/,584-0074,大阪府富田林市久野喜台1-17-8,有,"月火水金9:00-12:30、17:00-19:30
木土9:00-12:30",有,URL(リンク切れ)
医療法人澤井産婦人科澤井レディ-スクリニック,272140,大阪府,富田林市,34.522629,135.610016,0721-26-3001,http://www.sawai-ladies-clinic.com,584-0005,大阪府富田林市喜志町3-1-22,有,24時間,有,
医療法人典彰会あやレディ-スクリニック,272140,大阪府,富田林市,34.494843,135.577286,0721-28-1088,http://www.aya-ladies.com,584-0086,大阪府富田林市津々山台2丁目10-1-101,有,"月火木8:30-12:00、16:30-19:30
金土8:30-12:00",有,
たけい産婦人科クリニック,272140,大阪府,富田林市,34.504894,135.574997,0721-28-4103,,584-0071,大阪府富田林市藤沢台1-4-1,有,"平日9:30-21:30、17:00-19:30
土9:30-13:00",有,
ナカノレディスクリニック,272167,大阪府,河内長野市,34.467018,135.561111,0721-53-1635,,586-0091,大阪府河内長野市北貴望ヶ丘3-20,有,"月水金9:00-12:00、17:00-20:00
火土9:00-12:00",有,
"医療法人
老木レディスクリニック2",272191,大阪府,和泉市,34.447407,135.449142,0725-51-0111,http://oiki.jp,594-1157,大阪府和泉市あゆみ野一丁目4番1号,有,平常外来診察時間内,有(院内処方),URL(リンク切れ)
清水産婦人科医院,272191,大阪府,和泉市,34.502937,135.450485,0725-43-5410,,594-0013,"大阪府和泉市鶴山台2丁目1番地
3号棟104号",有,診療時間内,有,
ふみのレディ-スクリニック,272191,大阪府,和泉市,34.460056,135.456863,0725-56-7031,http://www.fumino-lc.com,594-0041,"大阪府和泉市いぶき野五丁目1-2
PIVO和泉中央2F",有,"月・火・木・金・土
AM9:30~11:30 PM15:00~17:30
※土曜日AMのみ 水・日・祝休診",有,
まんだいレディ-スクリニック,272191,大阪府,和泉市,34.487183,135.422806,0725-40-6088,,594-0076,"大阪府和泉市肥子町1丁目10-37
みどりビル3F",有,"平日9:00~12:30 16:00~18:30
木・土 9:00~12:30",有,
"医療法人蒼鷹会
川島クリニック",272060,大阪府,泉大津市,34.500591,135.414261,0725-23-5600,http://kawashimaclinic.jp,595-0024,大阪府泉大津市池浦町四丁目5番41号,有,"月火金9:15~12:00 16:00~18:00
水木土 9:15~12:00",有,
清水レディ-スクリニック,272060,大阪府,泉大津市,34.503788,135.40947,0725-20-0170,,595-0026,大阪府泉大津市東雲町3-8,有,"9:00~12:00 17:00~19:00
水曜休診 土曜9:00~12:00",有,
"医療法人
沢田レディ-スクリニック",272256,大阪府,高石市,34.522316,135.429428,072-267-5200,http://www.sawada-ladies.com/,592-0005,大阪府高石市千代田1丁目26番19号,有,"平日(水以外)
9:00~12:00 17:00~19:00
土曜日 9:00~12:00",有,URL(リンク切れ)
医療法人育佑会石田医院,272256,大阪府,高石市,34.535686,135.44194,072-261-1313,http://www.ishida-iin.com/,592-0002,大阪府高石市羽衣1丁目10番11号,有,"(月・火・水・金)9:00~12:00,16:30~19:30
(土)9:00~12:00",有,
八木レディ-スクリニック,273414,大阪府,泉北郡忠岡町,34.489357,135.399887,0725-20-0312,"http://www.yagi-lc,com",595-0805,大阪府泉北郡忠岡町忠岡東1丁目22番39号,有,"月火水金土:9:00~12:00
月火水金:16:00~18:30",有,URL(リンク切れ)
泉大津市立病院,272060,大阪府,泉大津市,34.501469,135.413239,0725-32-5622,http://www.hosp-ozu-osaka.jp,595-0027,大阪府泉大津市下条町16-1,有,平日8:30~16:30,有,
"社会医療法人啓仁会
咲花病院",272191,大阪府,和泉市,34.454762,135.459976,0725-55-1919,http://www.sakibana.or.jp/,594-1105,大阪府和泉市のぞみ野1-3-30,有,"平日 9:00~17:00
土曜日 9:00~12:00",有,
市立貝塚病院,272086,大阪府,貝塚市,34.449715,135.360535,072-422-5865,-,597-0015,大阪府貝塚市堀3丁目10番20号,有,"受付時間:
平日8:30-15:00 土曜日8:30-11:00
診療時間:
平日9:00-17:00 土曜日9:00-12:00",有,URL(リンク切れ)
市立岸和田市民病院,,,,34.46122,135.395996,072-445-1000,http://www.kishiwada-hospital.com/,596-8501,大阪府岸和田市額原町1001,有,24時間可,有,郵便番号
"医療法人秋桜会
おさきマタニティクリニック",272086,大阪府,貝塚市,34.450848,135.36499,072-423-1103,https://www.osaki-mc.com/,597-0015,大阪府貝塚市堀2丁目19番15号,有,診察時間内,有,
あかね・レディ-スクリニック,272086,大阪府,貝塚市,34.430119,135.364792,072-436-3541,https://www.akane-lc.com/,597-0082,大阪府貝塚市石才552,有,24時間,有,
久松マタニティ-クリニック,272027,大阪府,岸和田市,34.458637,135.378159,072-422-3006,https://www.hisamatsu-hp.org,596-0076,大阪府岸和田市野田町1-11-1,有,"平日 9:00-12:00
土曜日 9:00-12:00
水・金曜日 17:30-19:30",有,
浦川産婦人科,272027,大阪府,岸和田市,34.464813,135.404861,072-445-0525,-,596-0821,大阪府岸和田市小松里町461-9,有,"平日8:50-12:50/16:50-19:50
土曜8:50-12:50",有,URL(リンク切れ)
岸和田徳洲会病院,272027,大阪府,岸和田市,34.472023,135.392456,072-445-9915,https://kishiwada.tokushukai.or.jp,596-8522,大阪府岸和田市加守町4-27-1,有,"平日8:00-16:30
土曜日8:00-11:30",有,URL(リンク切れ)
医療法人定生会 谷口病院,272132,大阪府,泉佐野市,34.411015,135.314377,072-463-3232,https://www.taniguchi-hp.org/,598-0043,大阪府泉佐野市大西1-5-20,有,24時間,有,
医療法人 笠松産婦人科・小児科,272329,大阪府,阪南市,34.357517,135.245819,072-471-3222,http://www.kasamatsu-sanfujinka.or.jp/,599-0211,大阪府阪南市鳥取中192-2,有,診察時間内,有,URL(リンク切れ)
みむらレディ-スケアクリニック,273619,大阪府,泉南郡熊取町,34.403961,135.356445,072-451-0377,https://mimura-lcc.com/,590-0451,大阪府泉南郡熊取町野田3-353-4,有,"平日 9:00-12:00 17:00-19:00
土曜 9:00-12:00",有,
辻レディ-スクリニック,272329,大阪府,阪南市,34.360325,135.241806,072-470-0125,http://tsuji-clinic.info/,599-0203,"大阪府阪南市黒田590
サンギャラリ-2F",有,"月,水,金 9:00-12:00 16:00-19:00
火,土,日 9:00-12:00",有,URL(リンク切れ)
"医療法人きらめき会
ながまつレディ-スクリニック",272329,大阪府,阪南市,34.349743,135.231339,072-472-3788,https://www.ladies-clinic.jp/,599-0204,大阪府阪南市鳥取628-1,有,"基本:診察時間内
その他の時間要連絡",有,
医療法人井阪会 レオゲ-トタワ-レディ-スクリニック,272132,大阪府,泉佐野市,34.41449,135.295395,072-460-2800,https://lglc.jp/,598-0048,"大阪府泉佐野市りんくう往来北1
りんくうゲ-トタワ-ビル18階",有,"平日,土,祝日 9:00-12:30
月,火,木,金 16:30⊶19:30",有,
愛染橋病院,271110,大阪府,大阪市浪速区,34.657345,135.505142,06-6633-2801,http://www.aizenen.or.jp/byouin/,556-0005,大阪府大阪市浪速区日本橋5-16-15,有,"平日8:30~15:00
土曜日8:30~11:00",有,URL(リンク切れ)
奥野病院,271195,大阪府,大阪市阿倍野区,34.644394,135.523254,06-6719-2200,http://www.okuno.abeno.osaka.jp,545-0001,大阪府大阪市阿倍野区天王寺町北2-31-4,有,"月~土:9:00-12:00
金17:00-19:00",有,URL(リンク切れ)
大阪府済生会中津病院,271276,大阪府,大阪市北区,34.708492,135.496109,06-6372-0333,http://www.nakatsu.saiseikai.or.jp/,530-0012,大阪府大阪市北区芝田2-10-39,有,平日9:00-17:00,有,
社会医療法人愛仁会 千船病院,271136,大阪府,大阪市西淀川区,34.700584,135.442535,06-6471-9541,https://www.chibune-hsp.jp/,555-0034,大阪府大阪市西淀川区福町3-2-39,有,平日 9:00~17:00,無,
"地方独立行政法人大阪府立病院機構
大阪急性期・総合医療センタ-",271209,大阪府,大阪市住吉区,34.616692,135.503952,06-6692-1201,https://www.gh.opho.jp/,558-8558,大阪府大阪市住吉区万代東3-1-56,有,"平日(通常):8:30~11:00
平日(緊急):11:00~17:00
平日(時間外):17:00~翌日9:00
休診日:9:00~翌日9:00",有,
大阪暁明館病院,271047,大阪府,大阪市此花区,34.684116,135.465439,06-6462-0261,http://www.gyoumeikan.or.jp/,554-0012,大阪府大阪市此花区西九条5-4-8,有,"平日8:30-15:00
土8:30-11:30",有,
大阪市立十三市民病院,271233,大阪府,大阪市淀川区,34.729,135.476791,06-6150-8000,http://www.osakacity-hp.or.jp/juso/,532-0034,大阪府大阪市淀川区野中北2-12-27,有,平日8:45~17:15,無,
"医療法人飯島会
産科婦人科飯島病院",271284,大阪府,大阪市中央区,34.669903,135.507126,06-6211-4114,https://www.iijima-hospital.or.jp/,542-0082,大阪府大阪市中央区島之内2-15-4,有,"平日 9:00~13:00 17:00~20:00
土曜 9:00~13:00",有,
医療法人愛賛会浜田病院,271268,大阪府,大阪市平野区,34.606377,135.551132,06-6708-7200,http://www.hamada.or.jp,547-0024,大阪府大阪市平野区瓜破1-6-9,有,"月~土9:00-11:30
月~土14:00-15:30
水17:00-19:00",有,
なにわ生野病院,271110,大阪府,大阪市浪速区,34.652733,135.497513,06-6632-9915,http://koudoukai.or.jp/naniwa-hp/,556-0014,大阪府大阪市浪速区大国1丁目10-3,有,火・金曜日9:00~12:00、水・金曜日14:00~17:00,無,
"社会医療法人 協和会
加納総合病院",271276,大阪府,大阪市北区,34.712612,135.511505,06-6351-5381,http://www.heartfull.or.jp/,531-0041,大阪府大阪市北区天神橋7-5-15,有,月・火・水・木・金 9:00-11:30,有,
関西電力病院,271039,大阪府,大阪市福島区,34.69276,135.487488,06-6458-5821,https://kanden-hsp.jp/,553-0003,大阪府大阪市福島区福島2-1-7,有,"平日 9:00~17:00
夜間および土・日・祝の当直帯においては
当直医により専門領域が異なるため事前に電話確認要。",有,
医療法人国崇会北中レディ-スクリニック,271276,大阪府,大阪市北区,34.699486,135.495316,06-6348-1404,https://kitanaka-ladies.net/,530-0001,"大阪府大阪市北区梅田2丁目2番2号
ヒルトンプラザウエスト4F",有,"月水木金土祝11:00-13:30
月火水木金土祝15:00-20:00",有,
志村ウィメンズクリニック,271276,大阪府,大阪市北区,34.702766,135.49939,06-6316-1132,http://www.shimura-wc.com/,530-0017,"大阪府大阪市北区角田町8番47号
阪急グランドビル22階",有,"月火水木金土 9:00-12:30
月火水金 16:00-19:30",有,
ふくだあやレディ-スクリニック・ひろつぐ出生前診断クリニック,271276,大阪府,大阪市北区,34.698467,135.513901,06-6354-0088,info@fukuda-aya.com,530-0038,"大阪府大阪市北区紅梅町1番6号
カザリ-ノビル1階",有,平日土日10:00-18:00,有,
東梅田かなもりクリニック,271276,大阪府,大阪市北区,34.702034,135.502609,06-6755-4501,https://www.umeda-gyne.com/,530-0051,"大阪府大阪市北区太融寺町6番8号
阪急産業ウメダビル9階",有,"月水木金13:00-16:00、17:30-21:00
火17:30-21:00 土15:00-19:00
日祝13:00-17:00",有,URL(リンク切れ)
医療法人 ケイズ会 茶屋町レディ-スクリニック,271276,大阪府,大阪市北区,34.705994,135.498901,06-6359-7771,https://www.chayamachi.net/,530-0013,"大阪府大阪市北区茶屋町2番19号
JPR茶屋町ビル4F",有,"平日10:00-13:00 15:00-19:30
土日10:00-14:00
水曜午前、祝休診",有,
医療法人ケイズ会 茶屋町レディ-スクリニック分院,271276,大阪府,大阪市北区,34.706951,135.49855,06-6375-7772,https://annex.chayamachi.net/,530-0013,"大阪府大阪市北区茶屋町12番6号
エスパシオン梅田ビル7階",有,"平日10:00-13:00 15:00-19:30
土10:00-14:00 金・日・祝休診",有,
南森町レディ-スクリニック,271276,大阪府,大阪市北区,34.697189,135.513199,06-6356-2824,http://mm-clinic.net/,530-0041,"大阪府大阪市北区天神橋2丁目5番25号
若杉グランドビル本館1階",有,"平日10:00-19:00
土祝10:00-14:00
(木曜日 休診)",有,
医療法人 天神橋ゆかこレディ-スクリニック,271276,大阪府,大阪市北区,34.709515,135.510941,06-6314-6651,https://ten-lc.com/,530-0041,"大阪府大阪市北区天神橋6-6-11
エレガントビル大阪2F",有,"平日9:30-13:00 15:00-18:00
土水9:30-13:00",有,URL(リンク切れ)
いわいレディ-スクリニック,271276,大阪府,大阪市北区,34.705822,135.511398,06-6882-8686,http://www.iwai-lc.com/,530-0041,"大阪府大阪市北区天神橋4丁目11番6号
ミクシィ-ワンビル3階",有,"月-土9:30-13:30
月火水金17:00-19:00",有,
川島産婦人科クリニック,271276,大阪府,大阪市北区,34.708614,135.511795,066351-2374,http://www.kawashima-lc.net/,530-0041,大阪府大阪市北区天神橋5丁目5番23号,有,24時間,有,
医療法人聖誕会 うめだファティリティ-クリニック,271276,大阪府,大阪市北区,34.709988,135.497299,06-6371-0363,https://umeda-fc.org/,531-0072,大阪府大阪市北区豊崎3丁目17番6号,有,平日9:30-11:30 13:30-15:00,有,
まつおかレディ-スクリニック,271276,大阪府,大阪市北区,34.709518,135.496368,06-6377-8601,https://matsuoka-lcl.com/,531-0072,"大阪府大阪市北区豊崎3丁目20番10号
大明ビル2F",有,"平日9:30-18:30
土9:00-12:00",,
うまみ美容クリニック,271276,大阪府,大阪市北区,34.696491,135.494812,06-6345-7480,https://umami-bc.com/,530-0003,"大阪府大阪市北区堂島2丁目1番31号
京阪堂島ビル3階",有,"10:00-19:00
(正月3が日を除く年中無休)",,
医療法人さたクリニック,271276,大阪府,大阪市北区,34.711517,135.515518,06-6358-2503,http://sataclinic.com/,531-0062,"大阪府大阪市北区長柄中1丁目5番16号
グランド-ル有本1階",有,"平日9:30-15:00
土9:00-13:00",,
木村クリニック,271276,大阪府,大阪市北区,34.697346,135.502335,06-6365-9646,-,530-0047,"大阪府大阪市北区西天満4丁目12番17号
サンキムラビル6F",有,"平日9:30-11:30 16:30-18:00
土9:30-11:30",有,URL(リンク切れ)
川端産婦人科,271020,大阪府,大阪市都島区,34.7118,135.52449,06-6925-6603,http://kwc-obgyn.byoinnavi.jp/sp/,534-0015,"大阪府大阪市都島区善源寺町2丁目2番22号
善源寺メディカルモ-ル2F",有,"月木金9:30-12:00 14:00-18:30
土9:30-12:00 13:00-15:00
日10:00-12:00 13:00-15:00(いずれも30分前受付)",有,
しおじレディ-スクリニック,271020,大阪府,大阪市都島区,34.697113,135.531448,06-6355-5010,https://shioji-clinic.com/,534-0024,"大阪府大阪市都島区東野田町2丁目3番19号
MFK京橋駅前ビル3F",有,"月火水金9:00-12:30 16:30-19:00
木土9:00-12:30",有,
小林産婦人科,271020,大阪府,大阪市都島区,34.71011,135.528275,06-6924-0934,-,534-0014,大阪府大阪市都島区都島北通1丁目14番24号,有,"平日9:00-13:30 17:00-19:00
土9:00-13:30
ただし平日は木のみ9:00-13:30",有,URL(リンク切れ)
医療法人 猿渡レディスクリニック,271039,大阪府,大阪市福島区,34.69326,135.47406,06-6461-9059,https://sawatari-clinic.net,553-0007,大阪府大阪市福島区大開1丁目2番4号,有,"月~土 9:00-12:00
月・火・水・金 16:30-19:30
日・祝 休診",有,URL(リンク切れ)
まさこレディ-スクリニック,271039,大阪府,大阪市福島区,34.68845,135.478958,066459-5277,-,553-0004,大阪府大阪市福島区玉川4丁目3番20号,有,"月火水金土9:30-13:00
月水金16:00-18:00
(受付時間 30分前)",有,URL(リンク切れ)
医療法人 弘正会 ちもりメディカルクリニック,271039,大阪府,大阪市福島区,34.689064,135.475708,06-6467-5200,http://www.chimori.com/,553-0005,"大阪府大阪市福島区野田3丁目12番14号
ソフィアコ-ト野田1階",有,"月水金9:15-12:30 14:00-17:30
火土9:15-12:30",有,
医療法人 木本会 鈴木産婦人科,271047,大阪府,大阪市此花区,34.681591,135.449554,06-6461-0623,http://www.suzukiog.net/,554-0021,大阪府大阪市此花区春日出北2丁目6番8号,有,"月火水金9:00-19:00
木土9:00-12:00",有,
医療法人勇拓会 牧野レディ-スクリニック,271047,大阪府,大阪市此花区,34.683319,135.454376,06-6461-0308,-,554-0014,大阪府大阪市此花区四貫島2丁目4番3号,有,診察時間内,有,URL(リンク切れ)
医療法人 美龍会 はやしレディ-ス肛門・泌尿器クリニック,271284,大阪府,大阪市中央区,34.676308,135.513947,06-6770-5514,https://hayashi-lady.com/,542-0061,"大阪府大阪市中央区安堂寺町2丁目6番3号
アイズワンIII2階",有,"10:00-13:00 16:00-20:00
(水日以外)",有,URL(リンク切れ)
医療法人栗山クリニック,271284,大阪府,大阪市中央区,34.680004,135.504303,06-6251-2556,-,541-0057,"大阪府大阪市中央区北久宝寺町2丁目5番5号
ロベルビル2F",有,"平日9:30-17:45 水曜9:30-13:15
木曜9:30-11:45 土曜・月2回診療
電話で確認お願いします。",有,URL(リンク切れ)
医療法人 晧真会 野村クリニック,271284,大阪府,大阪市中央区,34.666672,135.509399,06-6632-8700,https://www.nomura-cln.jp/,542-0072,大阪府大阪市中央区高津3丁目2番28号2階,有,9:30-12:30 14:30-18:30,有,URL(リンク切れ)
松岡医院,271284,大阪府,大阪市中央区,34.66581,135.509064,06-6641-8020,-,542-0072,大阪府大阪市中央区高津3丁目3番23号,有,"月火水9:30-16:00 火木9:30-14:00
土曜日 9:30-12:00
日祝 休診",有,URL(リンク切れ)
医療法人あかね・レディ-スクリニック グリ-ンズクリニック,271284,大阪府,大阪市中央区,34.689945,135.505554,06-4707-7077,https://greens-clinic.com/,541-0043,"大阪府大阪市中央区高麗橋2丁目4番2号
メディカルモ-ル北浜4F",有,"平日10:00-19:00(火・木 休)
土10:00-17:00",有,
医療法人フラウエン こうむら女性クリニック,271284,大阪府,大阪市中央区,34.689167,135.516769,06-6966-3063,http://koumura-cl.jp/,540-0033,"大阪府大阪市中央区石町1丁目1番1号
天満橋千代田ビル2号館2階",有,"月-土10:00-13:00
月火水金15:00-18:00",有,
医療法人藤広育生会 ふじたクリニック,271284,大阪府,大阪市中央区,34.670586,135.507248,06-6213-6677,https://www.fujita-clinic.info/,542-0082,"大阪府大阪市中央区島之内2丁目11番20号
島之内ビル2階",無,"月火水金土
9:00-11:30 14:00-17:30",有,
医療法人秀晄会コムロ美容外科,271284,大阪府,大阪市中央区,34.674896,135.500824,06-6258-1367,https://www.komuro-biyou.com/,542-0085,"大阪府大阪市中央区心斎橋筋1丁目10番11号
ルフレ21 8階",無,水以外10:00-18:30,有,
星光クリニック,271284,大阪府,大阪市中央区,34.667412,135.499298,06-6484-0001,-,542-0076,"大阪府大阪市中央区難波2丁目3番5号
テイックランドビル 4階",有,10:30-19:00,有,URL(リンク切れ)
医療法人 晧真会 野村クリニックなんば院,271284,大阪府,大阪市中央区,34.665257,135.500107,06-6633-4178,http://www.nomura-cln-namba.jp/,542-0076,"大阪府大阪市中央区難波4丁目4番4号
6階",有,"平日9:30-12:30 14:30-12:00
土9:30-12:30",有,
医療法人社団 新生会 大阪なんばクリニック,271284,大阪府,大阪市中央区,34.664921,135.501114,06-6648-8930,https://osakanamba-cl.com/,542-0076,"大阪府大阪市中央区難波5丁目1番60号
なんばスカイオ9階",有,"月・水・木・金(平日)9:00-17:00
土 9:00-11:30",有,
谷口レディ-スクリニック,271284,大阪府,大阪市中央区,34.667912,135.506012,06-6211-8211,https://www.taniguchi-ladies-clinic.com/,542-0073,"大阪府大阪市中央区日本橋1丁目3番1号
三共日本橋ビル9階",有,"平日10:00-13:00 16:00-19:00
土10:00-13:00",有,
医療法人 聖和会 早川クリニック,271284,大阪府,大阪市中央区,34.673092,135.500092,06-6245-2100,http://hayakawa-clinic.jp/,542-0086,"大阪府大阪市中央区西心斎橋1丁目4番5号
御堂筋ビル 5階",有,"平日9:30-18:00
水曜日のみ 16:00-18:00
土9:30-12:00",有,
二宮レディ-スクリニック,271284,大阪府,大阪市中央区,34.674885,135.498779,06-6251-7505,http://ninomiya-lc.jp,542-0086,"大阪府大阪市中央区西心斎橋1丁目13番21号
コ-ニッシュビル6階",有,"月曜 10:00-18:30
火曜~土曜 10:00-17:00",有,
医療法人 大生會 さくま診療所,271284,大阪府,大阪市中央区,34.672787,135.503662,06-6241-5814,https://www.sakumaclinic.com/,542-0083,"大阪府大阪市中央区東心斎橋1丁目14番14号
TKビル2階",有,"平日9:30-12:30 14:00-16:00
18:00-20:00 土9:30-12:30",有,
医療法人 大美会 大阪美容クリニック,271284,大阪府,大阪市中央区,34.671879,135.502731,"06-6214-6777
0120-373-889",https://osaka-bc.com/,542-0083,"大阪府大阪市中央区東心斎橋2丁目8番28号
周防町GEOビル3F",有,"月-土11:00-21:00
日祝11:00-20:00",有,
医療法人 しもむら本町レディ-スクリニック,271284,大阪府,大阪市中央区,34.683445,135.505142,06-4708-8686,http://www.honmachi-slc.com/,541-0053,"大阪府大阪市中央区本町2丁目3番9号
JPS本町ビルディング8階",有,平日10:00-13:00 15:00-19:00,有,
医療法人 ラ・クォ-ル会 ラ・クォ-ル本町クリニック,271284,大阪府,大阪市中央区,34.683857,135.501526,06-6125-1250,https://www.laquole.com/,541-0053,"大阪府大阪市中央区本町3丁目5番2号
辰野本町ビル2階",有,"平日10:00-18:30
土曜10:00-13:00",有,
医療法人みつもとレディ-スクリニック,271284,大阪府,大阪市中央区,34.675858,135.508316,06-6263-2631,https://www.mitsumoto-lc.com/,542-0081,"大阪府大阪市中央区南船場1丁目10番20号
南船場M21ビル 1階",有,"平日9:30-13:00 16:30-19:15
土9:30-13:00",有,
北堀江奏でレディ-スクリニック,271063,大阪府,大阪市西区,34.675209,135.492783,06-6616-9076,https://kanade-ladies-clinic.com/,550-0014,"大阪府大阪市西区北堀江2丁目1番11号
久我ビル北館6F",有,"平日9:00-18:30
土9:00-13:00
第2・4日9:00-13:00",有,
医療法人福仁会 ウエナエ産婦人科,271063,大阪府,大阪市西区,34.670734,135.472458,06-6581-5382,https://uenae.net/,550-0025,大阪府大阪市西区九条南2丁目32番7号,有,"月~土9:00-13:00
月火木金17:00-19:00
*受付は終了時間の30分前まで
祝日は休診",有,URL(リンク切れ)
かおるレディ-スクリニック,271063,大阪府,大阪市西区,34.682228,135.495819,06-6534-0035,https://www.kaoru-clinic.net/,550-0005,"大阪府大阪市西区西本町1丁目10番7号
第II新松岡ビル1F",有,"月水9:45-13:00
火金9:45-18:00
土9:45-13:00",有,
医療法人 島野医院,271063,大阪府,大阪市西区,34.671425,135.486221,06-6533-0020,http://www.shimano-clinic.jp/,550-0015,"大阪府大阪市西区南堀江4丁目4番20号
ア-デンタワ-南堀江1階",有,"月・金 9:00-19:00
火 17:00-19:00
水 9:00-12:00
木16:00-19:00",無,URL(リンク切れ)
土田クリニック,271071,大阪府,大阪市港区,34.659977,135.450378,06-6571-2678,-,552-0016,大阪府大阪市港区三先2丁目12番14号,婦人科 有,"月-土9:00-12:00
月火木金17:00-19:00",有,URL(リンク切れ)
加納レディ-スクリニック,271080,大阪府,大阪市大正区,34.665249,135.47998,06-6556-1577,http://www.kano-ladysclinic.com,551-0002,"大阪府大阪市大正区三軒家東1丁目16番39号
北澤館大正1階",有,"平日9:30-12:30 16:00-19:00
土9:30-12:30",有,
大正病院附属産婦人科クリニック,271080,大阪府,大阪市大正区,34.661423,135.476562,06-6551-1103,https://www.taisho-byoin.or.jp/clinic/,551-0002,大阪府大阪市大正区三軒家東4丁目6番8号,有,"月-土8:45-12:00
月火水金17:00-19:00",有,
ちかえレディ-スクリニック,271098,大阪府,大阪市天王寺区,34.666367,135.527939,06-6761-0735,http://www.chikae-clinic.com/,543-0023,"大阪府大阪市天王寺区味原町14番4号
レザックセントラルビル1F",有,"月-土9:30-12:30
火木17:00-19:00",有,
医療法人 淑蘭会 上本町ヒロミレディ-スクリニック,271098,大阪府,大阪市天王寺区,34.664455,135.519547,06-6777-8824,http://hirocli.com/,543-0001,"大阪府大阪市天王寺区上本町6丁目6番26号
上六光陽ビル302号",有,"月水9:00-12:00 16:00-19:00
木16:00-21:00 金16:00-19:00
土日9:00-12:00",有,
東産婦人科・眼科,271098,大阪府,大阪市天王寺区,34.657658,135.526962,06-6772-2460,-,543-0042,大阪府大阪市天王寺区烏ケ辻1丁目3番23号 2F,有,"平日9:00-12:30 16:00-19:00
土9:00-12:30",有,URL(リンク切れ)
医療法人 脇本産婦人科,271098,大阪府,大阪市天王寺区,34.674568,135.529358,06-6761-5537,http://www.kcn.ne.jp/-wakimoto/,543-0012,大阪府大阪市天王寺区空堀町1番19号,有,"月・水・金 9:00-17:30
火・土 9:00-12:00
木日休診",有,URL(リンク切れ)
宮原レディ-スクリニック,271098,大阪府,大阪市天王寺区,34.651039,135.522629,06-4305-8806,-,543-0045,大阪府大阪市天王寺区寺田町1丁目7番3号,有,"平日9:00-12:00 15:00-18:00
水土9:00-12:00",有,URL(リンク切れ)
三好産婦人科,271098,大阪府,大阪市天王寺区,34.666992,135.523468,06-6761-7236,-,543-0021,大阪府大阪市天王寺区東高津町10番7号,有,"平日・土9:30-13:00
火水金17:00-19:30",有,URL(リンク切れ)
医療法人曙光会 おおつかレディ-スクリニック,271098,大阪府,大阪市天王寺区,34.647892,135.516891,06-6776-8856,https://www.otsuka-clinic.jp/,543-0054,大阪府大阪市天王寺区南河堀町9番40号,有,木日以外9:30-12:30,有,
小池レディスクリニック,271110,大阪府,大阪市浪速区,34.662556,135.503998,06-6575-9323,http://koike-ladies-clinic.com/,556-0011,"大阪府大阪市浪速区難波中2丁目3番3号
森川医療ビル5F",産科・婦人科 有,"平日9:30-13:00 15:30-18:30
土9:30-13:00 15:30-18:30",有,
医療法人 近藤産婦人科,271136,大阪府,大阪市西淀川区,34.710823,135.468369,06-6471-2103,-,555-0022,大阪府大阪市西淀川区柏里2丁目2番12号,有,"平日9:30-12:30 16:00-18:30
木・土9:30-12:30",有,URL(リンク切れ)
かわばたレディスクリニック,271233,大阪府,大阪市淀川区,34.720345,135.485214,06-6308-7660,http://www4.plala.or.jp/kwbtlc/,532-0023,"大阪府大阪市淀川区十三東2丁目5番15号
ア-リ-ア-ク1F",有,"月-土10:00-13:00
月・火・木・金16:30-19:30",有,
医療法人 志紀会 希咲クリニック,271233,大阪府,大阪市淀川区,34.71946,135.483749,06-6476-7233,https://kisaki-clinic.com/,532-0023,"大阪府大阪市淀川区十三東2丁目7番8号
十三東駅前ビル3階",有,"月火木金9:30-12:30 15:00-19:00
土9:30-12:30",有,
レディ-ス クリニック かたかみ,271233,大阪府,大阪市淀川区,34.724979,135.499008,06-6100-2525,https://www.katakami-lc.jp/,532-0011,"大阪府大阪市淀川区西中島1丁目11番23号
ユニティ北川口1階",婦人科 有,"11:00-18:30
木土11:00-13:00",有,
こおりたクリニック,271233,大阪府,大阪市淀川区,34.742916,135.494141,06-6394-0055,http://www.kohlita.com/,532-0002,大阪府大阪市淀川区東三国5丁目15番27号,有,"平日9:00-12:30 16:00-19:00
土9:00-12:30",有,
医療法人 斉藤女性クリニック,271233,大阪府,大阪市淀川区,34.735222,135.499893,06-6151-5582,http://www.saito-wc.com/,532-0003,"大阪府大阪市淀川区宮原1丁目6番1号
新大阪ブリックビル2階",有,"平日9:30-12:30 16:00-18:30
土9:30-13:00",有,
坂本産婦人科クリニック,271144,大阪府,大阪市東淀川区,34.752991,135.549438,06-6326-4103,http://www.sakamoto-baby.com/,533-0005,大阪府大阪市東淀川区瑞光4丁目12番36号,有,"月水金9:00-12:00 17:00-19:00
水・土9:00-12:00
木・日・祝 休み",有,
医療法人ヒロレディ-スクリニック,271144,大阪府,大阪市東淀川区,34.739403,135.518372,06-6990-5100,https://hilo-ladies-clinic.com/,533-0023,"大阪府大阪市東淀川区東淡路4丁目30番2号
イ-ズメディテラスII 4階",有,"平日9:30-12:30 16:00-19:00
土9:30-12:30",有,
医療法人 明青会 あやこレディ-スクリニック,271152,大阪府,大阪市東成区,34.674854,135.534164,06-6753-7416,http://ayako-clinic.com/,537-0025,"大阪府大阪市東成区中道3丁目16番15号
ソレア-ド玉造 2階",有,診療時間内,有,
中山医院,271152,大阪府,大阪市東成区,34.680447,135.545319,06-6971-0801,-,537-0021,大阪府大阪市東成区東中本2丁目2番1号,有,月火水金9:00-13:00,有,URL(リンク切れ)
前田診療所,271152,大阪府,大阪市東成区,34.677711,135.546082,06-6977-1955,-,537-0021,"大阪府大阪市東成区東中本2丁目16番19号
ロイヤルラフィ-ネ1F",有,"平日9:30-18:30
土9:00-12:30",有,URL(リンク切れ)
藤上産婦人科クリニック,271160,大阪府,大阪市生野区,34.653378,135.536606,06-6717-6033,-,544-0021,大阪府大阪市生野区勝山南4丁目2番23号,有,診療時間内,有,URL(リンク切れ)
医療法人光臨会 奥野クリニック,271160,大阪府,大阪市生野区,34.645695,135.541397,06-6751-5269,https://okuno-clinic.com/,544-0011,"大阪府大阪市生野区田島4丁目6番16号
長田ビル2F",有,"平日9:00-19:00
土9:00-12:30",有,
ゆきおかクリニック,271160,大阪府,大阪市生野区,34.659813,135.533173,06-6718-3939,https://yukioka-cl.com/,544-0034,大阪府大阪市生野区桃谷2丁目17番18号,有,月火木金土9:00-18:00,有,
医療法人圭香会梅嵜クリニック,271179,大阪府,大阪市旭区,34.7243,135.561371,06-6958-3800,http://umezaki-clinic.my.coocan.jp/,535-0021,大阪府大阪市旭区清水5丁目13番22号,有,"平日9:30-12:30 16:30-19:30
土9:30-12:30",有,
医療法人 神吉産婦人科,271179,大阪府,大阪市旭区,34.719395,135.560028,06-6956-1001,http://www.kanki.or.jp/,535-0022,大阪府大阪市旭区新森5丁目4番10号,有,"月火木金9:00-12:00 17:30-19:30
水土9:00-12:00",有,
医療法人 岩田レディ-スクリニック,271179,大阪府,大阪市旭区,34.728069,135.541611,06-6951-7089,https://www.iwata-ladies.com/,535-0003,大阪府大阪市旭区中宮4丁目9番19号,有,"月火木金9:00-12:00 17:00-19:00
土9:00-12:00",有,
医療法人 金井産婦人科,271187,大阪府,大阪市城東区,34.698254,135.546463,06-6931-2391,https://www.kanai.or.jp/,536-0004,大阪府大阪市城東区今福西1丁目2番8号,産婦人科 有,"月~土9:00-11:30
月水木金13:00-14:30
月水18:00-19:30",有,
医療法人三和会 福田医院,271187,大阪府,大阪市城東区,34.693764,135.546585,06-6961-3279,https://www.fukuda-c.jp/,536-0013,大阪府大阪市城東区鴫野東2丁目12番2号,有,"月火水木金9:00-12:00 17:00-19:00
木土9:00-12:;00",有,
医療法人 米田産婦人科,271241,大阪府,大阪市鶴見区,34.701508,135.57692,06-6913-1135,http://www.komedaclinic.com/,538-0051,大阪府大阪市鶴見区諸口1丁目13番16号,有,"月~土9:00-12:00
月水金17:00-19:00",有,
医療法人 霜星会 りかこレディ-スクリニック,271195,大阪府,大阪市阿倍野区,34.644951,135.512756,06-6625-7711,https://rika-cli.jp/,545-0052,"大阪府大阪市阿倍野区阿倍野筋1丁目3番15号
阿倍野共同ビル8階",有,"月火木金土9:00-12:30
月火金14:00-16:30
木17:00-20:15",有,
医療法人心明会 レディ-スクリニック さわだ,271195,大阪府,大阪市阿倍野区,34.646484,135.512863,06-6641-0981,http://www.clinic-sawada.com/,545-0052,"大阪府大阪市阿倍野区阿倍野筋1丁目5番1号
100 あべのルシアス1階",有,"平日10:00-13:00 16:00-19:00
土10:00-13:00
(日・木・祝日 休診)",有,
医療法人 立花クリニック,271195,大阪府,大阪市阿倍野区,34.632763,135.517273,06-6629-1000,https://www.tachibana-cl.com/,545-0011,"大阪府大阪市阿倍野区昭和町1丁目21番22号
徳山ビル4F",有,"月火水金9:30-12:00(AM)
13:00-17:30(PM)
土9:30-12:00(AM)
13:00-17:00(PM)",有,
医療法人 中井医院,271195,大阪府,大阪市阿倍野区,34.632412,135.507416,06-6661-3187,-,545-0032,大阪府大阪市阿倍野区晴明通11番7号,有,"月火木金9:00-12:30 17:00-19:30
水土9:00-12:00",有,URL(リンク切れ)
河田医院,271195,大阪府,大阪市阿倍野区,34.647118,135.523315,06-6719-0381,-,545-0001,大阪府大阪市阿倍野区天王寺町北2丁目4番20号,有,"月火水金9:00-13:00 17:00-19:00
土9:00-13:00",有,URL(リンク切れ)
医療法人 西川医院,271195,大阪府,大阪市阿倍野区,34.6455,135.525742,06-6714-5218,https://www.nlc1.net/,545-0001,大阪府大阪市阿倍野区天王寺町北2丁目16番10号,有,"平日9:00-12:00
月火木金17:00-19:00",有,
なかおかレディ-スクリニック,271195,大阪府,大阪市阿倍野区,34.632973,135.515976,06-4703-3180,http://nakaoka-lc.jp/,545-0021,"大阪府大阪市阿倍野区阪南町1丁目50番10号
日栄ビル1階",有,"平日9:00-12:00 16:00-19:00
土9:00-12:00",有,
医療法人 平治会 SALAレディ-スクリニック,271195,大阪府,大阪市阿倍野区,34.62236,135.514145,06-6622-0221,http://www.sala-lc.com/,545-0021,"大阪府大阪市阿倍野区阪南町5丁目17番20号
エムズスクエア西田辺2階",有,"月火水金 9:00-13:00 16:00-19:30
木 9:00-13:00
土・日 9:00-13:00",有,
医療法人 柏蔭会 柏原医院,271195,大阪府,大阪市阿倍野区,34.623028,135.506561,06-6622-1161,https://kashiwabara-lc.jp/,545-0036,大阪府大阪市阿倍野区万代1丁目6番16号,有,"平日9:00-19:00
水土8:00-13:00",有,
社会医療法人 三宝会 南港クリニック,271250,大阪府,大阪市住之江区,34.621181,135.476837,06-6684-2018,https://clinic.nanko-hp.com/,559-0011,"大阪府大阪市住之江区北加賀屋2丁目11番8号
北加賀屋千島ビル101号",有,平日 9:00-17:00,有,
医療法人 西山産婦人科医院,271250,大阪府,大阪市住之江区,34.630383,135.424316,06-6613-1103,-,559-0033,大阪府大阪市住之江区南港中3丁目4番4号,有,"平日9:00-12:00 17:00-19:30
土9:00-12:00 木休診",有,URL(リンク切れ)
医療法人 糸氏医院,271250,大阪府,大阪市住之江区,34.620689,135.478943,06-6681-2772,-,559-0016,大阪府大阪市住之江区西加賀屋1丁目1番6号,婦人科 有,"平日9:00-12:30 17:00-19:30
木土9:00-12:30",有,URL(リンク切れ)
なかむらレディ-スクリニック,271250,大阪府,大阪市住之江区,34.604839,135.487045,06-6675-1211,http://www.web-know.com/nlc/,559-0005,"大阪府大阪市住之江区西住之江1丁目1番31号
N.KLASS住ノ江1階",産婦人科 有,"月火水金土9:00-12:00
月火水金16:30-19:00",無,
大阪市立住之江診療所,271250,大阪府,大阪市住之江区,34.620213,135.485977,06-6681-1000,-,559-0012,大阪府大阪市住之江区東加賀屋1丁目2番22号,有,月水金9:00-11:00,無,URL(リンク切れ)
あさだクリニック,271250,大阪府,大阪市住之江区,34.614326,135.484024,06-6684-2212,http://www.asadaclinic.jp/,559-0012,大阪府大阪市住之江区東加賀屋3丁目4番7号,有,診療時間内,有,
沢井産婦人科医院,271209,大阪府,大阪市住吉区,34.594639,135.499191,06-6694-1115,http://www.sawai-lc.com/,558-0032,大阪府大阪市住吉区遠里小野3丁目4番8号,有,"月・水 9:00-12:00 16:30-19:30
火・金 9:00-12:00 15:00-18:00
土 9:00-12:00",有,
たつたレディ-スクリニック,271209,大阪府,大阪市住吉区,34.600014,135.513062,06-6696-6080,https://www.tatsuta-lc.com/,558-0011,"大阪府大阪市住吉区苅田5丁目19番19号
あびこ駅前クリニックモ-ル3階",有,"平日9:00-19:00
土9:00-12:00",有,
ふくだレディ-スクリニック,271209,大阪府,大阪市住吉区,34.613289,135.504974,06-6699-1239,https://fukuda-l.com,558-0001,"大阪府大阪市住吉区大領5丁目4番23号
グレ-ス住吉101号",有,"月~土8:00-12:00
月金16:00-19:00
火木土13:30-16:00",有,
医療法人 瓢成会 なかがわレディ-スクリニック,271209,大阪府,大阪市住吉区,34.612213,135.491028,06-6671-0158,http://www.nakagawa-iin.net/,558-0044,大阪府大阪市住吉区長峡町5番5号,有,"平日9:00-12:30 17:00-19:00
土9:00-12:30
木・日・祝休診",有,
井口医院,271217,大阪府,大阪市東住吉区,34.630169,135.526169,06-6628-6131,http://iguchi-clinic1967.com/,546-0044,大阪府大阪市東住吉区北田辺6丁目13番8号,有,"月~土9:30-12:00
月水金17:00-19:00",有,
髙畑産婦人科,271217,大阪府,大阪市東住吉区,34.633507,135.52948,06-6719-0185,http://www.kouhata.net/,546-0043,大阪府大阪市東住吉区駒川1丁目7番3号,有,"平日9:00-19:30
土9:00-13:00",有,
医療法人ゆたかマタニティ超音波クリニック,271268,大阪府,大阪市平野区,34.60638,135.550797,06-6704-1103,-,547-0024,"大阪府大阪市平野区瓜破1丁目6番6号
グランド-ル南平野1階",有,"平日土日9:00-18:30
月(祝)9:00-12:30",有,URL(リンク切れ)
高木レディ-スクリニック,271268,大阪府,大阪市平野区,34.630188,135.56636,06-4303-6222,http://www.takagi-lc.com/,547-0002,"大阪府大阪市平野区加美東1丁目13番44号
O.T.Mビル3階",有,"月・火・金 9:00-12:00
16:00-19:00
木土9:00-12:00
水 休診",有,
元林産婦人科内科,271268,大阪府,大阪市平野区,34.606682,135.575668,06-6707-0010,http://motobayashi-sanfujinka.com/,547-0011,大阪府大阪市平野区長吉出戸8丁目7番27号,有,"平日9:00-12:00 17:30-20:00
土9:00-13:00",有,
日野レディ-スクリニック,271268,大阪府,大阪市平野区,34.602798,135.573013,06-6706-1600,-,547-0016,大阪府大阪市平野区長吉長原3丁目16番6号,有,"平日9:30-13:00 17:00-20:00
土9:30-13:00",有,URL(リンク切れ)
医療法人 佐々木産婦人科医院,271268,大阪府,大阪市平野区,34.603172,135.583176,06-6790-1320,-,547-0012,大阪府大阪市平野区長吉六反3丁目21番13号,有,"平日8:30-12:00 16:30-19:00
土8:30-12:00",有,URL(リンク切れ)
医療法人 植田産婦人科,271268,大阪府,大阪市平野区,34.626076,135.55571,06-6791-1726,http://www.ueda-ladiesclinic.com/,547-0046,大阪府大阪市平野区平野宮町2丁目8番8号,有,24時間対応(ただし事前連絡必要),有,
猪木産婦人科,271225,大阪府,大阪市西成区,34.644867,135.496506,06-6641-0162,-,557-0032,大阪府大阪市西成区旭1丁目1番3号,有,"平日9:00-14:00 17:30-19:00
土9:00-12:00 木第2土休診",有,URL(リンク切れ)
医療法人五常会 浅野クリニック,271225,大阪府,大阪市西成区,34.631657,135.497925,06-6661-7129,http://gojou-asanocl.com/,557-0042,大阪府大阪市西成区岸里東1丁目8番11号,有,"月~金9:00-12:30 16:30-19:30
土9:00-12:30",有,
イワタ医院,271225,大阪府,大阪市西成区,34.638309,135.49762,06-6661-8525,-,557-0014,大阪府大阪市西成区天下茶屋2丁目23番5号,有,"月~金9:30-11:30
月火水金13:30-15:00
火金18:00-20:00",有,URL(リンク切れ)
くにしげレディ-スクリニック,271225,大阪府,大阪市西成区,34.636108,135.49762,06-6655-5855,http://kunishige-lc.com/,557-0014,"大阪府大阪市西成区天下茶屋3丁目18番16号
グランドメゾン1階",有,"月火水金9:00-11:45 16:00-18:00
木土 9:00-11:45",有,
くにしげレディ-スクリニック,271225,大阪府,大阪市西成区,34.636108,135.49762,06-6655-5855,http://kunishige-lc.com/,557-0014,"大阪府大阪市西成区天下茶屋3丁目18番16号
グランドメゾン1階",有,"月火水金9:00-11:45 16:00-18:00
水土9:00-11:45",有,
"医療法人竹村医学研究会(財団)
小阪産病院",272272,大阪府,東大阪市,34.661324,135.5793,06-6722-4771,https://www.kosaka.or.jp,577-0807,大阪府東大阪市菱屋西3-6-8,有,日、祝日除く 8:30~16:30,有,
市立東大阪医療センタ-,272272,大阪府,東大阪市,34.666241,135.597641,06-6781-5101,http://www.higashiosaka-mc.jp/,578-8588,大阪府東大阪市西岩田3-4-5,有,平日9:00~17:00,無,
"医療法人恵生会
恵生会病院",272272,大阪府,東大阪市,34.66972,135.63533,072-982-5101,http://www.keiseikai.or.jp,579-8036,大阪府東大阪市鷹殿町20-29,有,24時間,有,
笠原産婦人科医院,272272,大阪府,東大阪市,34.688324,135.580124,06-6745-6204,http://www.eonet.ne.jp/-kasaharaclinic/,577-0007,大阪府東大阪市稲田本町3-18-23,有,"月・火・水・金 9:30~12:30、17:00~19:00
土 9:00~12:00",有,URL(リンク切れ)
岡村レディ-スクリニック,272272,大阪府,東大阪市,34.664783,135.588898,06-6618-5227,http://www.okamura-lc.com,577-0034,"大阪府東大阪市御厨南2-1-1
八戸ノ里HIROビル3F",有,"月・火・水・金 09:00~12:00、16:30~19:30
木・土 09:00~12:00",有,
森産婦人科,272272,大阪府,東大阪市,34.665226,135.562546,06-6781-4925,https://www.mori-sanfujinka.com,577-0056,大阪府東大阪市長堂1-3-8,有,"平日 09:30~12:30、16:30~19:00
水・土 09:30~12:30",有,
東條医院,272272,大阪府,東大阪市,34.667675,135.559296,06-6781-0076,http://www.etopia.jp,577-0058,大阪府東大阪市足代北1-16-20,有,医師在院時常時,有,
小阪レディ-スクリニック,272272,大阪府,東大阪市,34.662289,135.579727,06-6729-1192,https://www.kosaka.or.jp/lc,577-0807,大阪府東大阪市菱屋西3-4-13,有,診療時間内(WEB参照),有,
"医療法人巽会
たつみ皮膚科婦人科クリニック",272272,大阪府,東大阪市,34.641747,135.583588,06-6722-6955,,577-0816,大阪府東大阪市友井3-1-12,有,"月・火・水・金 09:00~12:00、16:00~19:00
土 09:00~12:00",有,
田路医院,272272,大阪府,東大阪市,34.66177,135.567856,06-6728-3838,,577-0843,大阪府東大阪市荒川1-12-4,有,"平日 8:40~12:00
月・水・金 16:40~20:00",有,
"医療法人泰陽会
西岡医院",272272,大阪府,東大阪市,34.671082,135.62085,072-963-2233,www.nishioka-clinic.com/,578-0924,大阪府東大阪市吉田4-3-12,有,"月・火・水・金 09:00~12:00、16:00~19:00
土 09:00~12:00",有,
医療法人坪倉産婦人科,272272,大阪府,東大阪市,34.658875,135.607162,06-6722-8558,,578-0942,大阪府東大阪市若江本町1-3-22,有,"平日 09:00~12:00、17:00~22:00
水・土午後休診、日・祝休診",有,
松本クリニック,272272,大阪府,東大阪市,34.661308,135.600739,06-6723-4103,http://www.myclinic.ne.jp/m23sanfujin/pc/,578-0945,大阪府東大阪市若江北町1-17-18,有,"09:00~11:30、17:00~19:00
(365日対応可)",有,URL(リンク切れ)
"医療法人
南野産婦人科クリニック",272272,大阪府,東大阪市,34.698818,135.60022,06-6744-1131,,578-0971,大阪府東大阪市鴻池本町6-26,有,"月・火・木・金 09:00~12:00、17:30~19:30
水・土 09:00~12:00",有,
和田診療所,272272,大阪府,東大阪市,34.679668,135.641846,072-986-0900,http://web1.kcn.jp/wadashin/,579-8027,"大阪府東大阪市東山町4-8
W・S百光ビル1階B号",有,"月・火・木・金・土 09:30~12:30
月・火・水・金 17:00~19:30",有,
大阪医科薬科大学病院,272078,大阪府,高槻市,34.85186,135.624405,072-683-1221,https://hospital.ompu.ac.jp,569-8686,大阪府高槻市大学町2番7号,有,24時間対応可,有,
北摂総合病院,272078,大阪府,高槻市,34.82663,135.592133,072-696-2121,https://www.hokusetsu-hp.jp,569-8585,大阪府高槻市北柳川町6-24,有,平日9:00~16:00(木、土、日、祝日除く),有,
(医)川村産婦人科医院,272078,大阪府,高槻市,34.872234,135.601257,072-687-7557,https://kawamura-sanfujinka.or.jp,569-1031,大阪府高槻市松が丘1-1-1,有,"月火木金9:00~12:00、18:00~20:00
水土9:00~12:00",有,
"医療法人子安会
なかにし産婦人科クリニック",272078,大阪府,高槻市,34.828083,135.6073,072-679-1010,https://nakanishi-obgyn-cl.com,569-0823,大阪府高槻市芝生町3丁目21番10号,有,"月火水金9:00~12:00、18:00~20:00
土9:00~12:00",有,
医療法人jMOG 田辺レディ-スクリニック,272078,大阪府,高槻市,34.853638,135.618942,072-668-4651,https://www.tanabe-clinic.jp,569-1116,"大阪府高槻市白梅町4番13号
ジオ高槻ミュ-ズEX4F",有,"月火水金9:00~12:30、16:00~18:00
土9:00~12:30",有,
医療法人明峰会 東山産婦人科・小児科,272078,大阪府,高槻市,34.829464,135.630417,072-672-5335,,569-0036,大阪府高槻市辻子3丁目10番3号,有,24時間対応可,有,
"医療法人NEW WAVES
堤レディ-スクリニック",272078,大阪府,高槻市,34.849575,135.623611,072-662-0223,https://tsutsumi-lc.com,569-0071,"大阪府高槻市城北町2丁目4番5号
Hisako.BLD2F",有,"月9:00~12:00、16:00~20:00 火9:00~12:00、
水金9:00~12:00、17:00~20:00
木9:00~12:00、15:00~19:00
土9:00~12:00、(第2、第4土のみ13:00~16:00、第5土は休診)",有,
渡辺婦人科,272078,大阪府,高槻市,34.849098,135.626648,072-675-5359,https://www.watanabe-fujinka.com/,569-0085,大阪府高槻市南松原町2番1号,有,"月火水金9:00~12:00、17:00~19:00
土9:00~12:00",有,
米田産婦人科,272035,大阪府,豊中市,34.796535,135.448746,06-6857-1251,https://itp.ne.jp/info/278642813300000899/,560-0032,大阪府豊中市蛍池東町2-3-2,有,"月・水・金・土9:30~11:45
火9:30~11:15
月・金17:30~19:15",有,
医療法人 廣仁会 直原ウィメンズクリニック,272035,大阪府,豊中市,34.7981,135.49205,06-6871-0314,https://www.jikihara.net,560-0084,大阪府豊中市新千里南町2-11-1,有,"月火水木金土9:00~12:00
月火水金17:00~19:00",有,
しらいレディ-スクリニック,272035,大阪府,豊中市,34.782669,135.489136,06-6868-0461,https://www.shirai-ladies-clinic.com,561-0862,"大阪府豊中市西泉丘3-1-25
八重洲西泉丘ビル2F",有,"月-木9:00~12:00、16:00~19:00
金・土9:00~12:00",有,
医療法人 愛慈会 田中医院,272035,大阪府,豊中市,34.780151,135.467438,06-6850-0088,,561-0881,"大阪府豊中市中桜塚2-2-2
愛慈会ビル2F",有,"月・火・水・金・土9:00~12:30
月・火・金16:00~19:00",有,
医療法人 槙野クリニック,272035,大阪府,豊中市,34.785748,135.459381,06-6843-8031,http://www.makino-c.jp/,560-0024,大阪府豊中市末広町1-7-2,有,"月-土9:00~12:15
火13:00~16:00
月・水・金17:30~20:00(受付は19:30まで)",有,
momウィメンズクリニックおおさこ,272035,大阪府,豊中市,34.812378,135.478683,06-4865-7007,https://www.momclinic.net/,560-0002,"大阪府豊中市緑丘4-1-2
イオンタウン豊中緑丘2F",有,"月・土9:30~12:00
火・木・金9:30~17:00",有,
水野産婦人科医院,272035,大阪府,豊中市,34.785507,135.462158,06-6852-3853,https://www.mizuno-cl.com,560-0024,大阪府豊中市末広町1-3-5,有,"月-金9:15~13:15
土9:15~12:00
月・火・水・金18:00~20:00",有,
むそうレディ-スクリニック,272035,大阪府,豊中市,34.788109,135.458344,06-6845-8630,https://www.ddmap.jp/0668458630,560-0026,大阪府豊中市玉井町2-2-18,有,"月・火・木・金・土9:00~12:00
月・火・木・金17:00~19:00",有,URL(リンク切れ)
吉村レディ-スクリニック,272035,大阪府,豊中市,34.783318,135.468842,06-6850-8162,https://yoshimuraladiesclinic.everyday.jp/,560-0022,大阪府豊中市北桜塚3-1-33,有,"月・火・木・金・土10:00-12:30,
月・火・木・金17:00-19:30",有,
医療法人 幸愛会 りかレディ-スクリニック,272035,大阪府,豊中市,34.773243,135.467667,06-6850-3339,https://www.n-clinic.net,561-0802,"大阪府豊中市曽根東町1-2-1
阪急曽根ビル2階",有,"月・火・水・金・土9:00~12:00
月・火15:30~18:30
水・金16:00~19:30
(変更があるかもしれないので事前にwebで確認して欲しい)",有,
医療法人 うめかげレディ-スクリニック,272035,大阪府,豊中市,34.763165,135.475342,06-4866-2323,https://umekage-ladys-clinic.jp/,561-0851,大阪府豊中市服部元町1-1-7,有,"月-土9:00~12:30
月・火・水・金17:00~19:30
土16:00~18:00",有,
あかりクリニック,272035,大阪府,豊中市,34.780331,135.464188,06-6852-1050,http://akari-cl.jp,561-0884,大阪府豊中市岡町北3丁目1-22,有,"月-土9:00~13:00
月・火・木・金14:00~18:00
土14:00~16:00",有,
田坂クリニック 産婦人科・内科,272035,大阪府,豊中市,34.812054,135.496002,06-6832-1200,http://tasaka-clinic.com,560-0082,"大阪府豊中市新千里東町1丁目4番2号
千里ライフサイエンスビル10階",有,"月-土9:30~12:30
月・火・木・金17:00~19:30",有,
医療法人 ひまわり 矢吹産婦人科 庄内クリニック,272035,大阪府,豊中市,34.746532,135.475372,06-6332-3970,http://yabuki.or.jp,561-0832,大阪府豊中市庄内西町4-3-2,有,"月・火・木・金・土9:30~12:00
月・火・木・金17:00~18:30",有,URL(リンク切れ)
医療法人 ひまわり 矢吹産婦人科 少路クリニック,272035,大阪府,豊中市,34.805069,135.472214,06-6850-0909,http://hopital-yabuki.com,560-0004,大阪府豊中市少路2-9-20,有,"月・火・水・木・金・土9:30~12:00
月・木・金15:00~17:00",有,URL(リンク切れ)
医療法人成育会なりもとレディ-スホスピタル,272108,大阪府,枚方市,34.813805,135.647934,072-861-1103,https://narimoto-lh.com/,573-0032,大阪府枚方市岡東町14番28号,有,24時間 ※但し当院の受診歴がある方,有,
医療法人愛成会 愛成クリニック,272108,大阪府,枚方市,34.801819,135.64505,072-845-0888,www.aisei-c.jp,573-0048,大阪府枚方市山之上西町32番15号,有,月木金13:30-15:30 要予約,有,
イワサクリニック,272108,大阪府,枚方市,34.785618,135.632431,072-831-1666,http://www.iwasaclinic.com,573-0086,大阪府枚方市香里園町9-22,有,"平日 9:00∼20:00
土 9:00∼12:00",有,
医療法人恒遠産婦人科,272108,大阪府,枚方市,34.823036,135.70253,072-851-0303,,573-0164,大阪府枚方市長尾谷町3-18-22,有,"月・火・水・金・土 9:00~12:00
月・水・金 17:30~19:30",有,
折野産婦人科,272108,大阪府,枚方市,34.860046,135.686371,072-857-0243,orinosan.com,573-1111,大阪府枚方市楠葉朝日3-6-28,有,"月~土: 9:00~12:00
月・金:17:00~19:00",有,
冨沢産婦人科こどもクリニック,272108,大阪府,枚方市,34.821613,135.651901,072-847-7129,http://tomizawaclinic-jp,573-1192,大阪府枚方市西禁野2-8-9,有,"月・火 10:00∼12:00
水~金 9:00~12:00
月・水・金 17:00~20:00",有,URL(リンク切れ)
のだ女性クリニック,272108,大阪府,枚方市,34.814369,135.64888,072-843-3267,https://noda-womens-cl.com,573-0032,"大阪府枚方市岡東町14-48
山口ビル4階",有,"月・火・水・金 9:00~12:00 15:00~17:30
土 9:00~12:30",有,
吉田医院,272108,大阪府,枚方市,34.809025,135.640701,072-841-3103,http://www.yoshidacl.net,573-0053,大阪府枚方市伊加賀南町5-4,有,"平日 9:00~14:00
土 9:00~12:00
月・水・金 18:00~20:00",有,
医療法人桜花会あきせウィメンズクリニック,272108,大阪府,枚方市,34.807159,135.652084,072-861-1703,https://akise-wc.com/,573-0024,大阪府枚方市田宮本町9-45,有,"平日9:00~12:30、17:00~20:00
土9:00~12:30、14:00~16:00",有,
和久田クリニック,272108,大阪府,枚方市,34.785568,135.643982,072-837-5688,http://wakudaclinic.com,573-0084,大阪府枚方市香里ケ丘10-3732-14,有,"月・火・木・金・土 9:00~12:00
月・火・木・金 16:30~18:30
休診 水・日・土午後",有,
芦原産婦人科クリニック,272108,大阪府,枚方市,34.847401,135.671295,072-857-0010,http://www.ashihara-sanfujinka.com,573-1141,大阪府枚方市養父西町15-15,有,月~土 9:30∼13:00,有,
"医療法人徳洲会
八尾徳洲会総合病院",272124,大阪府,八尾市,34.626957,135.609512,072-993-8501,https://www.yao.tokushukai.or.jp/,581-0011,大阪府八尾市若草町1-17,有,平日 9:00-12:00,有,URL(リンク切れ)
八尾市立病院,272124,大阪府,八尾市,34.620766,135.587952,072-922-0881,http://www.hospital.yao.osaka.jp/,581-0069,大阪府八尾市龍華町1-3-1,有,他の分娩に支障がなければ24時間,有,
医療法人 正木産婦人科,272124,大阪府,八尾市,34.634178,135.619843,072-922-4103,http://www.masakisanfujinka.com/,581-0831,大阪府八尾市山本町北1-2-22,有,"平日 9:00-13:00
夜診火・水 18:00-20:00
木・日 休診",有,
きくちレディ-スクリニック,272124,大阪府,八尾市,34.620983,135.583511,072-928-1880,http://www.kikuchi-ladies-cl.com/index.html,581-0068,"大阪府八尾市跡部北の町3-1-26
久宝寺クリニックビル3階",有,"平日 9:00-12:00 17:00-19:00
土 9:00-12:00",有,
中島産科婦人科,272124,大阪府,八尾市,34.634598,135.603226,072-998-8281,http://www.nakajima-lc.com/,581-0802,大阪府八尾市北本町3-5-8,有,"月・火・水・金 9:00-12:00 17:00-20:00
土 9:00-12:00",有,
萩原クリニック,272124,大阪府,八尾市,34.616287,135.593018,072-991-1452,https://hagiwaraclinic.amebaownd.com/,581-0061,大阪府八尾市春日町2-6-9,有,"平日 9:00-12:30 16:00-18:30
土 9:00-11:30",有,
医療法人 いとうレディ-スこどもクリニック,272159,大阪府,寝屋川市,34.758537,135.654022,072-880-1503,"http://www.ito-ladies-and-kodomo-
clinic.com/",572-0857,大阪府寝屋川市打上中町13番1号,有,"月~火・木~土9:30~12:00
月~火・木金17:30~19:30 土12:30~13:30
夜間・休診日も対応可能",有,URL(リンク切れ)
中嶋婦人科クリニック,272159,大阪府,寝屋川市,34.76643,135.61319,072-813-8666,http://nakajima-fujinka.com/,572-0061,大阪府寝屋川市長栄寺町12番12号,有,"月火木~土9:00~12:00
月~金16:30~19:30",有,
医療法人 西野レディ-スクリニック,272159,大阪府,寝屋川市,34.765648,135.611145,072-800-8824,http://www.nishino-ladies-cl.com/,572-0062,大阪府寝屋川市高柳栄町1番4号,有,"月~水・金~土9:30~12:00
月~水・金16:00~18:30",有,
真野医院,272159,大阪府,寝屋川市,34.76585,135.60257,072-838-2320,,572-0067,大阪府寝屋川市宝町18-26,有,"月~水・金~土9:00~12:00
月~水・金18:00~20:00",有,
医療法人 柳原医院,272159,大阪府,寝屋川市,34.762653,135.619064,072-826-0476,,572-0043,大阪府寝屋川市錦町1-1,有,"月~土9:00~12:30
月水金17:30~19:00",有,
渡辺産婦人科,272159,大阪府,寝屋川市,34.786392,135.627716,072-834-1179,,572-0085,大阪府寝屋川市香里新町16-15,有,"月~土9:00~12:00
月・水・金16:00~19:00",有,
医療法人桜花会 あきせウィメンズクリニック寝屋川院,272159,大阪府,寝屋川市,34.784267,135.630554,072-831-1115,http://neyagawa.akise-wc.com/,572-0084,"大阪府寝屋川市香里南之町20番20号
グランフィ-ル香里園3階302号",有,"月~水・金~土9:00~12:00
月・火・水・金16:00~19:00
土14:00~16:00",有,
堺市立総合医療センタ-,271446,大阪府,堺市西区,34.537155,135.473618,072-272-1199,http://www.sakai-city-hospital.jp/,593-8304,大阪府堺市西区家原寺町1丁1番1号,有,日曜・祝日 9:00~17:00,有,
独立行政法人労働者健康安全機構 大阪労災病院,271462,大阪府,堺市北区,34.57233,135.504929,072-252-3561,http://www.osakah.johas.go.jp/,591-8025,大阪府堺市北区長曽根町1179番地3,有,平日8:15~17:00,無,
耳原総合病院,271411,大阪府,堺市堺区,34.561203,135.47023,072-241-0501,http://www.mimihara.or.jp/sogo/,590-8505,大阪府堺市堺区協和町4丁465,有,"平日9:00-17:00
土曜日9:00-13:00",有,
吉川病院,271462,大阪府,堺市北区,34.569073,135.50032,072-259-0100,http://www.yoshikawabyouin.com,591-8046,大阪府堺市北区東三国ヶ丘町4-1-25,有,"月曜~土曜 9:00-13:00
月水木金 17:00-19:00
土曜 14:00-17:00",有,
池田産婦人科,271411,大阪府,堺市堺区,34.581703,135.480423,072-228-1319,,590-0942,大阪府堺市堺区材木町東3丁1-20,有,"月金 9:00~15:00、17:00~19:00
水 9:00~15:00
火土 9:00~12:00",有,
今井医院,271462,大阪府,堺市北区,34.557144,135.493195,072-257-1682,,591-8037,大阪府堺市北区百舌鳥赤畑町4丁343-5,有,"月水金 9:00~12:00、17:00~19:30
火木土 9:00~12:00",有,
医療法人赤井マタニティクリニック,271454,大阪府,堺市南区,34.504768,135.505936,072-239-5988,akai-maternity.com,590-0103,大阪府堺市南区深阪南167,有,"平日 9:00~11:45、17:00~19:00
土 9:00~11:45",有,
医療法人泉谷診療所,271411,大阪府,堺市堺区,34.58757,135.492157,072-227-6011,,590-0011,大阪府堺市堺区香ヶ丘町1丁8-9,有,"月水土 9:00~12:00
但し、土曜日は隔週",無,
医療法人大平産婦人科,271454,大阪府,堺市南区,34.492561,135.48616,072-299-1103,https://www.ohira-ladies.com/,590-0141,大阪府堺市南区桃山台4-2-1,有,"月金 9:00~20:00
火木土 9:00~14:00
水 17:00~19:00",有,
医療法人甲潤会八木クリニック,271411,大阪府,堺市堺区,34.585426,135.479507,072-233-5630,http://yagi-clinic.jp/,590-0938,大阪府堺市堺区神明町西1丁1-17,有,"月金 9:30~12:30、18:00~20:00
火水金土 9:30~12:30",有,
医療法人甲潤会レディ-スクリニックやぎ,271462,大阪府,堺市北区,34.556477,135.504669,072-259-1107,https://lc-yagi.com/,591-8023,"大阪府堺市北区中百舌鳥町2丁39
クリスタルなかもず4F",有,"月火水金 9:30~13:00、16:30~17:00
土 9:30~13:00",有,
医療法人沈沢医院,271411,大阪府,堺市堺区,34.578972,135.463974,072-223-5733,,590-0974,大阪府堺市堺区大浜北町2丁1の30,有,"月水金土 10:00~12:00
月水金 17:00~19:00",有,
医療法人竹山産婦人科,271454,大阪府,堺市南区,34.493088,135.53093,072-292-3500,https://www.takeyama-clinic.or.jp/,590-0113,大阪府堺市南区晴美台3-1-4,有,"6:00~24:00
(電話連絡のうえ対応)",有,
医療法人浜中産婦人科,271454,大阪府,堺市南区,34.486385,135.474091,072-298-3535,https://hamanaka.or.jp/,590-0144,大阪府堺市南区赤坂台3-10-5,有,"平日 9:00~12:00
月水金 17:30~19:00
木曜日休診",有,
医療法人平治会 KAWAレディ-スクリニック,271454,大阪府,堺市南区,34.490211,135.501328,072-297-2700,http://www.kawa-lc.com/,590-0116,大阪府堺市南区若松台3-2-3,有,"月~土 9:00~19:30
日 9:00~13:00",有,
医療法人ゆうあい会 しんやしき産婦人科,271438,大阪府,堺市東区,34.521202,135.54213,072-239-5571,https://www.shinyashiki.or.jp/,599-8125,大阪府堺市東区西野461番地1,有,"月火水金 9:00~12:00、17:00~19:30
木土 9:00~12:00",有,URL(リンク切れ)
医療法人雄徳会 たつみクリニック,271446,大阪府,堺市西区,34.560818,135.458099,072-247-9411,http://www.tatsumiclinic.com/,592-8334,大阪府堺市西区浜寺石津町中1-3-9,有,平日 9:00~12:00,無,
医療法人和昇会阪本クリニック,271438,大阪府,堺市東区,34.523151,135.536987,072-239-0033,http://sakamoto-clinic.jp/index.html,599-8126,大阪府堺市東区大美野22-4,有,平日 9:00~12:00,有,
大槻レディ-スクリニック,271454,大阪府,堺市南区,34.496689,135.513077,072-290-6000,,590-0115,大阪府堺市南区茶山台1-2-4 パンジョ西館3F,有,"平日 9:30~12:30、16:00~19:00(水を除く)
土 9:30~12:30",有,
小野クリニック,271438,大阪府,堺市東区,34.543442,135.526688,072-288-1616,,599-8114,大阪府堺市東区日置荘西町1-12-3,有,"月火水金 9:00~12:00
火金 17:00~19:00",有(院外処方),
坂本産婦人科,271438,大阪府,堺市東区,34.549648,135.512756,072-257-3588,無,599-8107,大阪府堺市東区白鷺町1-3-7,有,"月~土 10:00~11:50
月火水金 17:00~18:50 日祝休み",有,URL(リンク切れ)
清水レディ-スクリニック,271411,大阪府,堺市堺区,34.566032,135.494125,072-250-0511,http://shimizu-clinic.net/,590-0024,大阪府堺市堺区向陵中町2丁3番13号,有,"月~土 9:00~12:00
月木 16:30~18:30",有,
たにわレディ-スクリニック,,,,34.572697,135.483536,072-233-0080,,591-0028,"大阪府堺市堺区三国ヶ丘御幸通2-1
谷和ビル5階",有,"月~土 9:00~11:30
月水 17:00~18:30",有,郵便番号
徳川レディ-スクリニック,271446,大阪府,堺市西区,34.537212,135.452728,072-266-3636,https://www.y-tokugawa.com/,592-8344,"大阪府堺市西区浜寺南町3丁2番1号
浜寺メディカルスクエア302",有,"月水金 8:00~19:30
火木土 8:00~13:00",有,
中産婦人科,271462,大阪府,堺市北区,34.576572,135.500427,072-252-0634,http://naka-lc.com/,591-8043,大阪府堺市北区北長尾町2-4-15,有,"月~土 9:00~12:00
月水金 17:00~19:00",有,
典子エンジェルクリニック,271462,大阪府,堺市北区,34.585163,135.518646,072-254-8875,https://www.norikoangelclinic.jp/,591-8002,大阪府堺市北区北花田町3-28-10,有,"月~土 9:00~12:30
月水金 17:00~20:00",有,
山手医院,271411,大阪府,堺市堺区,34.589115,135.483368,072-238-1796,,590-0924,大阪府堺市堺区桜之町東1-1-3,有,"月 15:00~20:30
水金 15:30~19:00
木土18:00~20:30",有,
山本産婦人科,271454,大阪府,堺市南区,34.470898,135.483093,072-299-7767,,590-0138,大阪府堺市南区鴨谷台3-6-2,有,"平日 9:00~12:00、17:00~19:30
水土 9:00~12:00",有,
ルナレディ-スクリニック,271411,大阪府,堺市堺区,34.580002,135.472076,072-227-8451,https://lu-na.jp/,590-0951,大阪府堺市堺区市之町西3丁1-43,有,"平日 10:00~16:00(水以外)
土 10:00~16:00
日 10:00~15:00",有,URL(リンク切れ)
