施設_名称,施設_市区町村コード,住所_都道府県,住所_市区町村（郡）,住所_緯度,住所_経度,連絡先_電話番号,連絡先_FormURL,連絡先_郵便番号,連絡先_住所,緊急避妊に係る診療が可能な産婦人科医療機関等_産科、婦人科又は産婦人科の標榜の有無,緊急避妊に係る診療が可能な産婦人科医療機関等_医療機関における緊急避妊にかかる対面診療への対応可能時間帯,緊急避妊に係る診療が可能な産婦人科医療機関等_常時の緊急避妊薬の在庫の有無,エラー
六甲アイランド甲南病院,281018,兵庫県,神戸市東灘区,34.688877,135.27037,078-858-1111,http://kohnan.or.jp/rokko/,658-0032,兵庫県神戸市東灘区向洋町中2丁目11番地,有,月・火・木・金 9:00-11:30 のみ対応可,有,
"神戸市立医療センタ-西市
民病院",281069,兵庫県,神戸市長田区,34.667542,135.156799,078-576-5251,,653-0013,兵庫県神戸市長田区一番町2丁目4番地,有,"平日 9:00-11:30
(火・木曜日は9:00-10:30)",無,
"医療法人社団慈恵会 新須
磨病院",281077,兵庫県,神戸市須磨区,34.645756,135.12973,078-735-0001,"https://www.jikeikai-
group.or.jp/shinsuma/",654-0048,兵庫県神戸市須磨区衣掛町3丁目1番14号,有,平日(含む、土曜日) 9:00~12:00,無,URL(リンク切れ)
"医療法人社団純心会パルモ
ア病院",281107,兵庫県,神戸市中央区,34.690727,135.186432,078-321-6000,http://www.palmore.or.jp/,650-0012,兵庫県神戸市中央区北長狭通4-7-20,有,"1)平日および土曜: 8:30-18:00 (ただし、通常
の診療時間内は予約またはご来院の順にしたがっ
て対応します)
2)日曜祝日は当院受診歴のある方に限り10:00-
18:00の時間帯のみ対応可能 (ただし、分娩手
術等のため長時間お待たせする可能性有り)",有,
池田診療所,281018,兵庫県,神戸市東灘区,34.73037,135.291046,078-451-1331,,658-0001,兵庫県神戸市東灘区森北町2丁目2番3号,有,"月曜~土曜 9:00-18:30
(祝祭日、年末年始を除く)",有,
"医療法人社団産科婦人科ナ
カムラクリニック",281018,兵庫県,神戸市東灘区,34.71347,135.259033,078-851-0031,http://www.nakamura-lc.com/,658-0046,兵庫県神戸市東灘区御影本町2丁目9番1号,有,"月・火・水・金 9:00-12:00 17:00-19:00
木・土 9:00-12:00",有,
山崎産科婦人科医院,281018,兵庫県,神戸市東灘区,34.718719,135.26709,078-851-6490,http://yamasaki-lc.ftw.jp,658-0052,兵庫県神戸市東灘区住吉東町2-4-38,有,"平日9:30-13:00, 15:00-18:00 土曜日9:
00-12:00",有,
"こじまレディ-スクリニッ
ク",281018,兵庫県,神戸市東灘区,34.721355,135.249313,078-414-7670,http://www.kojima-lc.jp/,658-0047,兵庫県神戸市東灘区御影2-32-12,有,平日10:00-13:00 16:00-19:00 土曜10:00-13:00,有,
登村レディスクリニック,281018,兵庫県,神戸市東灘区,34.714512,135.254898,078-841-3599,http://www.tomura-lc.com/,658-0046,兵庫県神戸市東灘区御影本町4丁目11-5,有,"月、水、金 9:00-12:00, 16:00-19:00
火、木、土 9:00-12:00",有,
中島クリニック,281018,兵庫県,神戸市東灘区,34.728645,135.276413,078-431-3230,http://www.nakajima-c.jp/,658-0072,兵庫県神戸市東灘区岡本1-13-7-202,有,"月~土 9:30-12:30 16:00-19:00
木・土は午前診のみ",有,
もりレディ-スクリニック,281018,兵庫県,神戸市東灘区,34.728992,135.283035,078-412-3935,http://mori-lc.jp/,658-0003,兵庫県神戸市東灘区本山北町2丁目9-7,有,24時間対応(自己都合により断ることもあり),有,
"医療法人社団たなべ産婦人
科",281026,兵庫県,神戸市灘区,34.716537,135.236435,078-821-0303,https://www.tanabe-clinic.com/,657-0028,"兵庫県神戸市灘区森後町3丁目5番30号ナタ-
ル六甲ビル6階",有,"平日 9:00-12:00 17:00-19:00
(木曜休み)
土曜 9:00-12:00",有,
川口レディ-スクリニック,281026,兵庫県,神戸市灘区,34.705029,135.216385,078-881-8208,http://www.klady-clinic.gr.jp/,657-0846,兵庫県神戸市灘区岩屋北町7丁目1-30-201,有,"平日 AM9:30-12:30 PM4:00-7:00 土曜日
AM9:30-2:00",有,URL(リンク切れ)
"亀田マタニティ・レディ-
スクリニック",281026,兵庫県,神戸市灘区,34.72007,135.237167,078-822-4188,https://www.kameda-c.com/,657-0051,兵庫県神戸市灘区八幡町1-8-15,有,"外来診療時間(月・水・金 9:00-12:00 16:00-
19:00 火・木・土 9:00-12:00)",有,
雅レディ-スクリニック,281026,兵庫県,神戸市灘区,34.716537,135.23732,078-857-0155,http://www.miyabi-lc.com/,657-0028,兵庫県神戸市灘区森後町3-5-41 FTKビル2F,有,"平日:10:00-13:00 14:00-18:00(木曜日は
休診)
土曜:10:00-13:00",有,
"野々垣レディ-スクリニッ
ク",281050,兵庫県,神戸市兵庫区,34.667255,135.165207,078-681-4103,http://nlc-hyogo.net,652-0897,"兵庫県神戸市兵庫区駅南通1丁目2-34 兵庫
駅前クリニックビル5F",有,"月・火・木~土:9:30~11:50 月・火・金:
16:00~18:20 水:9:30~11:20,16:30~18:20
診療は予約制ですので、あらかじめ予約をお取り
ください",有,
"みちもとレディ-スクリ
ニック",281069,兵庫県,神戸市長田区,34.661541,135.156494,078-671-4050,michimoto-cl.com,653-0022,兵庫県神戸市長田区東尻池町2丁目3-16,有,"平日9:30-12:30 17:00-19:00
土曜9:30-12:30 木曜 日曜休診",有,
愛育産婦人科,281077,兵庫県,神戸市須磨区,34.674046,135.10936,078-741-6231,"http://plaza.harmonix.ne.jp/-hiraike
/pc/",654-0131,兵庫県神戸市須磨区横尾1-9-2,有,"平日(木曜休診)と土日祝も午前診有ります
9:00~12:30。 月水金曜は午後診も有ります
16:00~19:00。",有,URL(リンク切れ)
益子産婦人科医院,281077,兵庫県,神戸市須磨区,34.658997,135.134857,078-732-4103,https://www.masuko-clinic.or.jp/,654-0023,兵庫県神戸市須磨区戎町3-5-15,有,"診療時間内月~土9:00~12:00(水曜9:00~
11:00)
月・火・金17:00~19:00",有,
森産婦人科医院,281077,兵庫県,神戸市須磨区,34.652527,135.126099,078-739-3000,,654-0033,兵庫県神戸市須磨区東町4丁目1-23,有,"平日(木曜以外) 9:30-12:00 17:00-19:00
木・日・祝 対応不可 土曜 9:30-12:00",有,
清水クリニック,281085,兵庫県,神戸市垂水区,34.652683,135.049362,078-783-3030,https://byoinnavi.jp/clinic/71438,655-0006,兵庫県神戸市垂水区本多聞6丁目28番23号,有,"平日 8:00-20:00
日曜 8:00-12:00",有,URL(リンク切れ)
竹森レディ-スクリニック,281085,兵庫県,神戸市垂水区,34.635803,135.032333,078-766-3990,http://www.takemori-lc.com/,655-0046,"兵庫県神戸市垂水区舞子台2-9-10 ミサキメディ
カルビル2F",有,平日9:30-12:30 16:00-18:30、土曜日9:30-12:30,有,
森本産婦人科クリニック,281085,兵庫県,神戸市垂水区,34.664787,135.048508,078-786-1103,https://morimoto-mc.com/,655-0051,兵庫県神戸市垂水区舞多聞西5丁目1-7,有,"月・水・金・土 9:00~12:00、16:00~19:
00",有,
安部内科婦人科クリニック,281093,兵庫県,神戸市北区,34.821533,135.222916,078-984-3188,https://a.inet489.jp/abnf3188/,651-1313,兵庫県神戸市北区有野中町1-11-10 仲第一ビル,有,"月~木 9:00-13:00 16:00-19:00 金・土
9:00-13:00",無,
"オカ・レディ-ス・クリ
ニック",281093,兵庫県,神戸市北区,34.746738,135.142883,078(586)2626,http://www.oka-lc.jp/,651-1222,兵庫県神戸市北区大原3-8-1,有,"月・水・金 9:00-12:00 17:00-20:00 火・
木・土 9:00-12:00",有,
"かとうレディ-スクリニッ
ク",281093,兵庫県,神戸市北区,34.821514,135.220642,078-595-7258,https://www.oklc.org,651-1302,"兵庫県神戸市北区藤原台中町1-2-1 北神中央ビル
307号",有,"月火水木金日10:00-12:30 月火水16:00-18:
30 土15:00-18:00",有,
"医)産科・婦人科 みずと
りクリニック",281093,兵庫県,神戸市北区,34.835918,135.225357,078-987-4103,https://mizutori-clinic.com/,651-1301,兵庫県神戸市北区藤原台北町7-2-7,有,"月~土 9:30~13:00 月・水・金 17:30~
19:30",有,
松岡産婦人科クリニック,281093,兵庫県,神戸市北区,34.74741,135.151794,078-582-0003,http://ms-cl.com,651-1221,兵庫県神戸市北区緑町1-6-18,有,"平日:9:00~12:00
18:00~20:00
土曜:9:00~12:00",有,
"レディスクリニックヨコヤ
マ",281093,兵庫県,神戸市北区,34.827271,135.225922,078-987-4100,,651-1313,兵庫県神戸市北区有野中町2丁目13-17,有,"日・月・火・木 10:00-13:00 15:00-18:00
水・金 10:00-13:00",有,
"ゆかりレディ-スクリニッ
ク",281107,兵庫県,神戸市中央区,34.690628,135.192551,078-391-7887,https://yukari-clinic.com,650-0021,"兵庫県神戸市中央区三宮町1-4-9
ワコ-レ神戸三宮ビル3F",有,"月・火・木・金・土
10:00-13:00
15:30-18:30",有,URL(リンク切れ)
坂口クリニック,281107,兵庫県,神戸市中央区,34.687176,135.183914,078-341-0038,,650-0022,兵庫県神戸市中央区元町通4丁目3-16,有,"月、火、水 9:00-12:00, 16:00-18:00
金 9:00-12:00, 16:00-17:30
木、土 9:00-12:00 祝・日 休",有(2人分),
渚診療所,281107,兵庫県,神戸市中央区,34.696953,135.196823,078-222-2001,http://nagisa.hiho.jp/,651-0094,"兵庫県神戸市中央区琴ノ緒町3丁目2-1琴ノ緒
ビル2F",有,"平日 10:00-12:00 17:00-19:00
土 16:00-17:00",無,URL(リンク切れ)
英ウィメンズクリニック,281107,兵庫県,神戸市中央区,34.690868,135.194199,078-392-8723,https://www.hanabusaclinic.com/,650-0021,"兵庫県神戸市中央区三宮町1-1-2 三宮セントラル
ビル",有,"平日 : 8:30~16:00
土日祝 : 8:30~15:00",有,
はやし女性クリニック,281107,兵庫県,神戸市中央区,34.682381,135.173218,078-351-1688,http://www.medic-grp.co.jp/doctor/,650-0017,兵庫県神戸市中央区楠町5-1-13,hayashi 有,平日10:00-13:00 15:30-18:30,有,URL(リンク切れ)
山口レディスクリニック,281107,兵庫県,神戸市中央区,34.697174,135.19278,078-391-2246,https://www.lcy.jp/,650-0001,兵庫県神戸市中央区加納町3-4-7,有,"診療時間内および、
平日 19:00~20:15、土曜日 16:00~19:15
(変更する場合もございますので
詳しくは弊院のウェブサイトでご確認下さい。)",有,
山下レディ-スクリニック,281107,兵庫県,神戸市中央区,34.691521,135.19722,078-265-6475,https://www.ylc.jp/,651-0086,"兵庫県神戸市中央区磯上通7-1-8三宮プラザ
WEST4F",有,"月火水金 10:00-20:00
木土 10:00-13:00",有,
山田医院,281107,兵庫県,神戸市中央区,34.695587,135.193069,078-391-2234,,650-0001,兵庫県神戸市中央区加納町4丁目9-3,有,"平日 9:00-19:00
土曜 9:00-13:00",無,
山辺レディ-スクリニック,281107,兵庫県,神戸市中央区,34.69046,135.192047,078-335-0555,https://yamabeclinic.com/,650-0021,"兵庫県神戸市中央区三宮町2丁目5-1三宮ハ-トビル5
階",有,"平日(午前)10:00-13:00
平日(午後)15:00-19:00
土曜 11:00-14:30",有,
"医療法人恵友会久保みずき
女性・検診クリニック",281115,兵庫県,神戸市西区,34.719322,135.018387,078-990-3030,https://kubomizuki.com/,651-2273,"兵庫県神戸市西区糀台5丁目6-3神戸西神オリ
エンタルホテル内",有,"月・火・金 9:00-17:00
水 13:00-19:00
木 9:00-19:00",有,
"久保みずきレディ-スクリ
ニック菅原記念診療所",281115,兵庫県,神戸市西区,34.717392,135.005157,078-961-3333,http://www.kubomizuki.or.jp/,651-2277,兵庫県神戸市西区美賀多台3丁目13-8,有,"月・水・金 9:30-11:30 16:00-18:30
火・木 9:30-11:30
土 9:30-11:30 14:00-15:30",有,
"おかざきマタニティクリ
ニック",281115,兵庫県,神戸市西区,34.682987,135.055908,078-798-1103,http://www.gakuentoshi-mc.com/,651-2103,兵庫県神戸市西区学園西町5丁目2-5,有,平日8:00~24:00 土曜日曜祝日8:00~24:00,有,
尼崎医療生協病院,282022,兵庫県,尼崎市,34.740238,135.385391,06-6436-1701,"https://www.amagasaki.coop/byoui
n/",661-0033,兵庫県尼崎市南武庫之荘12丁目16-1,有,"平日 8:30-16:30
土曜 8:30-11:30",有,
伊藤産婦人科医院,282022,兵庫県,尼崎市,34.751945,135.414352,06-6426-6155,http://www.ito-sanfujinka.com,661-0012,兵庫県尼崎市南塚口町1-7-5,有,"土・日・月: 9:30-13:30, 14:00-18:00
火: 9:00-:12:30
水: 9:30-13:30, 15:30-19:00",有,
末包クリニック,282022,兵庫県,尼崎市,34.750046,135.393829,06-6435-2488,,661-0033,兵庫県尼崎市南武庫之荘1丁目13-10,有,診療時間内,有,
"産科・婦人科 衣笠クリ
ニック",282022,兵庫県,尼崎市,34.751022,135.44812,06-6494-0070,http://kinugasakai.com,661-0953,兵庫県尼崎市東園田町9-10-1,有,"月・火・水・金 9:00-13:00 16:30-18:30 木・
土 9:00-13:00",有,URL(リンク切れ)
"医療法人社団南川クリニッ
ク",282022,兵庫県,尼崎市,34.755024,135.418427,06-6423-3046,https://www.minakawa-obgy.or.jp/,661-0001,兵庫県尼崎市塚口本町2丁目20-1,有,"平日 9:00-12:30 17:00-19:30
木曜・土曜 9:00-12:30",有,URL(リンク切れ)
ウィメンズクリニック横田,282022,兵庫県,尼崎市,34.755466,135.41272,06-6421-7240,wclinic-yokota.com,661-0002,兵庫県尼崎市塚口町1丁目24-2,有,"平日 9:00-12:00、16:30-19:00、木曜・土曜
9:00-12:00",有,
"かないレディ-スクリニッ
ク",282022,兵庫県,尼崎市,34.753391,135.405365,06-4961-6050,http://kanai-clinic.com/,661-0002,兵庫県尼崎市塚口町5丁目10-3,有,"月曜-土曜日 9:00-12:00 月、火、木は14:00-
16:30",有,
"医療法人社団 JUNレ
ディ-スクリニック",282022,兵庫県,尼崎市,34.734306,135.432053,06-4960-8115,https://www.jun-lc.jp/,661-0976,兵庫県尼崎市潮江1丁目3-43 緑遊新都心ビル2階,有,"月・火・木・金 9:30~16:00
水・土 9:30~12:00",有,
武居レディ-スクリニック,282022,兵庫県,尼崎市,34.75164,135.392532,06-6431-1123,,661-0035,兵庫県尼崎市武庫之荘2丁目1-1,有,"平日 9:00-12:30 16:30-19:30
土曜 9:00-12:30",有,
"武居レディ-スクリニック
塚口院",282022,兵庫県,尼崎市,34.751328,135.425171,06-6499-3355,http://www.takei-ladies.com/,661-0979,兵庫県尼崎市上坂部1-1-1-302,有,"月・水・金: 9:20-13:00, 14:50-19:00
火・木・土: 9:20-13:00",有,
木内女性クリニック,282049,兵庫県,西宮市,34.743607,135.356979,0798-63-2271,http://kiuchi-cl.com,663-8204,兵庫県西宮市高松町4-8プレラにしのみや3F,有,平日10:00~19:00 土曜日9:00~13:00,有,
"スギモトレディ-スクリ
ニック",282049,兵庫県,西宮市,34.748814,135.355576,0798-63-0325,https://www.sugimoto-clinic.com/,662-0832,兵庫県西宮市甲風園1丁目12-5,有,"平日 9:00-12:00 16:30-19:30
土曜 9:00-12:00",有,URL(リンク切れ)
"医療法人社団高橋産婦人科
クリニック",282049,兵庫県,西宮市,34.73848,135.336777,0798-33-0150,https://www.tgc.or.jp/,662-0971,兵庫県西宮市和上町6-22オリ-ブハイツ2階,有,"平日 月火水木金 9:00-12:00 13:00-14:30
月火水金 17:00-19:00
土 9:00-12:00",有,
"医療法人社団 もりたレ
ディ-スクリニック",282049,兵庫県,西宮市,34.746296,135.35701,0798-69-3336,"https://www.morita-ladies-
clinic.com",663-8035,兵庫県西宮市北口町1-2 ACTA西宮 東館4F,有,"月火木金: 10:00-13:00 16:00-19:00
土: 10:00-13:30",有,URL(リンク切れ)
山田産婦人科,282049,兵庫県,西宮市,34.72039,135.359619,0798-41-0272,,663-8152,兵庫県西宮市甲子園町6-13,有,"月~土 9:00-12:00
月・火・水・金 17:00-19:00",有,
徐クリニック,282049,兵庫県,西宮市,34.766312,135.357681,0798-54-8551,https://www.joclinic.jp,662-0822,兵庫県西宮市松籟荘10-25,有,"月 水: 8:45~13:30 16:30~19:00
火 木 金: 8:45~13:30
土: 8:45~15:30",有,
江原産婦人科医院,282049,兵庫県,西宮市,34.741016,135.373581,0798-67-1162,http://nttbj.itp.ne.jp/0798671162/,663-8111,兵庫県西宮市二見町9-17,有,"平日(月火水木金土) 9:00-12:00
(月・水・金)17:00-19:00",有,URL(リンク切れ)
岡田医院,282049,兵庫県,西宮市,34.746799,135.355453,0798-67-1136,,662-0834,兵庫県西宮市南昭和町3-18,有,"平日 9:00-12:00 17:00-19:00
土曜 9:00-12:00
木曜休診",無,
こじまクリニック,282049,兵庫県,西宮市,34.736832,135.336426,0798-56-8602,https://koji-cli.com,662-0973,兵庫県西宮市田中町5-20-4F,有,"月、火、水、金 9:30-12:45 , 15:30-19:00
土曜 9:30-12:45 木、日、祝 休診",有,
"すずきレディ-スクリニッ
ク",282049,兵庫県,西宮市,34.736023,135.338242,0798-39-0555,https://www.suzuki-lc.jp,662-0973,兵庫県西宮市田中町3-1-202,有,"月・火・水・金 : 9:30-12:30 16:00-19:00
木・土 : 9:30-12:30 日、祝日 休診",有,
中川産婦人科クリニック,282049,兵庫県,西宮市,34.750088,135.34166,0798-72-1153,"http://www.nakagawa-
sanfujinka.com",662-0866,兵庫県西宮市柳本町4-16,有,"月・火・水・金 9:00-12:00 18:00-19:00 木・
土 9:00-12:00",有,URL(リンク切れ)
まりウィメンズクリニック,282049,兵庫県,西宮市,34.73941,135.328979,0798-39-0777,https://www.mari-clinic.com,662-0045,兵庫県西宮市安井町5-14,有,診療時間に準ずる,有,
"みやざきレディ-スクリ
ニック",282049,兵庫県,西宮市,34.738647,135.347488,0798-32-5230,http://www.miyazaki-ladies.com/,662-0911,兵庫県西宮市池田町9-6-204,有,"平日 9:00-12:00 16:00-19:00(月・水・金)
土 9:00-12:00",有,URL(リンク切れ)
"医療法人社団 宮本レ
ディ-スクリニック",282049,兵庫県,西宮市,34.751595,135.32309,0798-75-1103,https://miyamoto-lc.jp/,662-0084,兵庫県西宮市樋之池町5-22,有,"月水金 9:00-12:00 17:00-19:00
火 9:00-12:00
木土 9:00-12:00 18:00-翌9:00",有,
"レディ-ス&マタニティク
リニックサンタクルスザ
シュクガワ",282049,兵庫県,西宮市,34.74398,135.327377,0798-75-1188,http://www.santacruz.or.jp/,662-0063,兵庫県西宮市相生町8-11,有,"月・火・木 9:00-13:00 17:00-19:00
水 9:00-13:00 14:30-16:00(完全予約制)
金 9:00-13:00 14:30-16:00(完全予約制)
17:00-19:00
土曜 9:00-16:00",有,
"芦屋小野レディスクリニッ
ク",282065,兵庫県,芦屋市,34.73061,135.297546,0797-21-3700,https://www.ono-lc.com/,659-0076,兵庫県芦屋市清水町,有,8:00-20:00,有,
阿部レディ-スクリニック,282065,兵庫県,芦屋市,34.729347,135.303894,0797-25-0401,http://www.ashiya-abe.com,659-0065,兵庫県芦屋市公光町7-15 スピリット芦屋1F,有,"月・火・水・金 10:00~19:00 木・土 10:00
~13:00",有,
ウィメンズクリニック布谷,282065,兵庫県,芦屋市,34.734383,135.306137,0797-25-2520,"http://www.womens-clinic-
nunotani.jp",659-0093,兵庫県芦屋市船戸町1-29 芦屋駅西ビル5階,有,"月火木金 10:00-13:00 16:00-18:30 水土
10:00-13:00",有,URL(リンク切れ)
"医療法人社団三侑会 渡辺
産婦人科小児科",282065,兵庫県,芦屋市,34.735554,135.305405,0797-22-5027,https://since1935.jp/,659-0093,兵庫県芦屋市船戸町6-21,有,"月・火・水・金 8:30-15:00
木・土 8:30-12:00",有,
市立伊丹病院,282073,兵庫県,伊丹市,34.783733,135.396973,072-777-3773,http://www.hosp.itami.hyogo.jp/,664-8540,兵庫県伊丹市昆陽池1丁目100番地,有,"平日8:30~17:00
※上記以外の時間帯でも、産婦人科医師が宿日直
の場合対応可",有,
"医療法人社団高橋産婦人科
医院",282170,兵庫県,川西市,34.878658,135.385742,072-799-0001,"http://www.medic-
grp.co.jp/doctor/takahashi_s/",666-0142,兵庫県川西市清和台東1-3-75,有,"平日(月・水・金) 9:30-19:00
(火・木) 9:30-12:00
土曜 9:30-12:00",無,URL(リンク切れ)
戸田医院,282170,兵庫県,川西市,34.893326,135.411942,072-794-7778,http://www.toda-iin.com/sp/,666-0105,兵庫県川西市見野2丁目36番11,有,"月~土 午前9:00-12:15
月・水・金 午後17:00-19:00",ほぼ有(在庫少),
"医療法人社団 ふかみレ
ディ-スクリニック",282170,兵庫県,川西市,34.829056,135.412766,072-740-0230,https://www.wish-fukami.com/,666-0033,兵庫県川西市栄町12-8 三宝ビル4F,有,"月・火・水・金 9:30-12:30 16:30-19:00
木・土 9:30-12:30",有,
愛和レディ-スクリニック,282073,兵庫県,伊丹市,34.775345,135.383438,072-770-2000,http://www.aiwa-ladies.com,664-0027,兵庫県伊丹市池尻1丁目204-2,有,"月・火・木・金:9:00-12:00, 16:00-19:00
水・土:9:00-12:00",有,
"いけざわレディ-スクリ
ニック",282073,兵庫県,伊丹市,34.781235,135.411972,072-777-8184,https://www.ikezawa-clinic.jp/,664-0858,兵庫県伊丹市西台1丁目2-11C-3ビル1F,有,"月~金 9:30-13:00 16:30-19:30
土 9:30-13:00
日祝休み",有,
"みずほレディ-スクリニッ
ク",282073,兵庫県,伊丹市,34.79353,135.402435,072-778-4103,http://www.mizuho-clinic.com,664-0013,兵庫県伊丹市瑞穂町5-72,有,"月から土: 9:30~12:30
月・火・水・金: 15:30~19:00",有,
"みずほレディ-スクリニッ
ク伊丹駅前",282073,兵庫県,伊丹市,34.780411,135.413971,072-785-2202,http://ekimae.mizuho-clinic.com/,664-0851,兵庫県伊丹市中央1-4-2 くらすと伊丹4階,有,"月:9:30~12:30
火~金::9:30~12:30 15:30~19:00
土:9:30~12:30 15:00~18:00",有,
レディ-スクリニックTaya,282073,兵庫県,伊丹市,34.780941,135.420456,072-771-7717,https://lc-taya.jp/,664-0846,兵庫県伊丹市伊丹1丁目10-14-201-5,有,"月・火・水・木・金・土 午前 9:00-12:00
月・火・木・金 午後 16:30-18:30",有,
大門医院,282146,兵庫県,宝塚市,34.810753,135.343536,0797-86-0881,https://www.daimon-cl.com/,665-0842,兵庫県宝塚市川面3丁目23番12号,有,"月・水・金 9時~12時 16時~19時 火・木・
土 9時~12時",有,
大西レディスクリニック,282146,兵庫県,宝塚市,34.798248,135.349792,0797-76-5210,"http://onishi-
clinic.sakura.ne.jp/index.html",665-0022,兵庫県宝塚市野上1-1-24,有,"平日・土曜 9:00-12:00
月・水・金 16:30-19:00",有,URL(リンク切れ)
清水産婦人科医院,282146,兵庫県,宝塚市,34.801991,135.347885,0797-72-0300,https://www.shimizu-wcl.com,665-0011,兵庫県宝塚市南口2-2-4,有,"月曜から水曜日9:00-12:00 14:00-16:00 16::30-
19:00 木曜日9:00-12:00 14:00-16:00(木曜日の
午後は予約診察のみ)金曜・土曜 9:00-12::30",有,
"信永みほレディ-スクリ
ニック",282146,兵庫県,宝塚市,34.776455,135.357269,0798-57-1225,https://www.miho-lc.com,665-0054,兵庫県宝塚市鹿塩 2丁目 13-41,有,"月・水・金 9:00-12:30 16:00-19:00
火・木・土 9:00-12:30",有,
平野マタニティクリニック,282146,兵庫県,宝塚市,34.819416,135.389496,0797-80-4103,https://www.hirano-mc.com,665-0881,兵庫県宝塚市山本東3-14-5,有,24時間(平日・日祝とも),有,
"レディ-ス&マタニティク
リニック サンタクルス
ザ タカラヅカ",282146,兵庫県,宝塚市,34.807949,135.350601,0797-83-1188,http://www.santacruz.or.jp/,665-0844,兵庫県宝塚市武庫川町6-22,有,"平日 9:00-13:00 17:00-19:00
土曜日 9:00-13:00 14:00-16:00
日・祝 9:00-12:00",有,
"医療法人沖縄徳洲会 高砂
西部病院",282162,兵庫県,高砂市,34.789509,134.7715,079-447-0100,https://www.takasagoseibu.jp/index,676-0812,兵庫県高砂市中筋1丁目10番41号,有,"月~土 9:00-12:00
月・木 16:30-18:00",有,URL(リンク切れ)
"あきこレディ-スクリニッ
ク",282030,兵庫県,明石市,34.654701,134.998627,078-965-6563,http://www.akiko-lc.com/,673-0846,兵庫県明石市上ノ丸3丁目11-8,有,原則、診療時間内,有,
"久保みずきレディ-スクリ
ニック",282030,兵庫県,明石市,34.647289,134.989807,078-913-9811,kubomizuki-akashi.jp,673-0892,兵庫県明石市本町2-1-15,有,"平日(水曜は休診)9:30-12:30 16:00-18:30
土曜9:30-12:30",有,
"医療法人社団 私立二見レ
ディ-スクリニック",282030,兵庫県,明石市,34.699162,134.890015,078-942-1783,,674-0092,兵庫県明石市二見町東二見207,有,"月、火、水、金 9:00-12:00、13:00-15:00
木、土 9:00-12:00",有,
鈴木産婦人科医院,282030,兵庫県,明石市,34.695732,134.909943,078-947-4882,,674-0081,兵庫県明石市魚住町錦が丘3丁目3-8,有,AM9:00-PM1:00(日曜、祝日を除く),有,
せきじま産婦人科,282030,兵庫県,明石市,34.646233,135.012161,078-911-2407,,673-0866,兵庫県明石市朝霧町1-24-1,有,常時,有,
"なかた・みずのやレディ-
スクリニック",282030,兵庫県,明石市,34.648766,134.990692,078-912-3312,http://nakata-mi.sakura.ne.jp,673-0891,"兵庫県明石市大明石町1-3-8ユタカ第2ビル
2F",有,月火木金土9:00-12:30月火金16:00-19:00,有,
"医療法人社団 博愛産科婦
人科",282030,兵庫県,明石市,34.708645,134.884186,078-941-8803,,674-0094,兵庫県明石市二見町西二見450-5,有,月~土9:30-12:30 月・水・金17:00-19:30,有,
日野医院,282030,兵庫県,明石市,34.643578,134.987198,078-911-2910,,673-0893,兵庫県明石市材木町9番17号,有,"月・水 9:00~12:30、
火 9:00~12:00 17:00~19:00、
金 9:00~12:30 17:00~19:00、
土 9:00~12:00",有,
"ちくご・ひらまつ産婦人科
医院",282103,兵庫県,加古川市,34.775021,134.845718,079-424-5163,https://hiramatsu-lc.com/,675-0068,兵庫県加古川市加古川町中津230-1,有,"月水金9:00-18:45 火9:00-16:45 土日9:00-11:45
祝日休診 11:45-14:00除く",有,
安田産婦人科クリニック,282103,兵庫県,加古川市,34.736755,134.853561,079-435-6662,http://yasuda-rs.com/yoyaku/,675-0117,兵庫県加古川市平岡町一色西2-369-1,有,"月・火・水・金 9:30-13:00, 17:00-19:00、
土 9:30-13:00",有,URL(リンク切れ)
レディ-スクリニック近藤,282103,兵庫県,加古川市,34.768127,134.839966,079-427-0928,,675-0065,"兵庫県加古川市加古川町篠原町111番地ゼロ・
ワン・ゼロビル3F303",有,"月・火・水・金 9:00-12:00, 14:00-17:00
木 9:00-12:00のみ
木曜午後、土曜、日曜・祝日は休み",有,
大森産婦人科医院,282162,兵庫県,高砂市,34.7668,134.786545,079-448-1103,http://www.omori-gy.or.jp/,676-0072,兵庫県高砂市伊保港町2丁目5番17号,有,平日9:00-18:00、土曜9:00-12:00,有,
市立加西病院,282200,兵庫県,加西市,34.924404,134.840042,0790-42-2200,http://www.hospital.kasai.hyogo.jp/,675-2393,兵庫県加西市北条町横尾1-13,有,"平日 9:00-17:00
夜間・休日は産婦人科医医師担当勤務時は可",有,
"社会医療法人社団 正峰会
大山記念病院",282138,兵庫県,西脇市,35.062912,134.992477,0795-28-3773,http://ohyama-hp.jp/,679-0321,兵庫県西脇市黒田庄町田高313,有,"平日 9:00~12:00
第1.3土曜日 9:00~12:00",有,
"医療法人社団一陽会 服部
病院",282154,兵庫県,三木市,34.799789,134.999756,0794-83-9462,http://www.hattori-hospital.com/,673-0413,兵庫県三木市大塚218番地の3,有,"9:30~12:00 月・火・木・金・土
14:00~17:00(予約診) 月・木・金
上記以外の時間でご希望の場合、要連絡。",有,
小野レディ-スクリニック,282189,兵庫県,小野市,34.846603,134.933762,0794-62-1103,http://www.onolc.com/,675-1375,兵庫県小野市西本町538-3,有,"月曜~木曜 9:00-19:00
金・土・日曜 9:00-13:00",有,
遠藤産婦人科医院,282138,兵庫県,西脇市,34.974361,134.9617,0795-22-4135,,677-0054,兵庫県西脇市野村町1558-3,有,"平日 9:00-11:30 16:00-18:00
土曜 9:00-11:30 木・日は休診",有,
"医療法人社団 いわたウィ
メンズクリニック",282138,兵庫県,西脇市,35.005295,134.999161,0795-23-8888,https://www.k-iwc.com/,677-0039,兵庫県西脇市上比延町432-49,有,"月火水金 8:30-18:00
木土 8:30-12:30
(診療時間以外はお電話の上、来院お願いしま
す。お産中の場合は、お待ちいただくことになり
ます)",有,
"オ-キッドレディ-スクリ
ニック",282154,兵庫県,三木市,34.801083,134.98085,0794-88-8505,http://www.orchid-lc.com/,673-0403,兵庫県三木市末広1-13-8,有,"9:30-12:30
16:00-19:00",無,
浜本産婦人科医院,282154,兵庫県,三木市,34.779819,135.038528,0794-87-1103,http://hamamoto.or.jp/,673-0521,兵庫県三木市志染町青山3丁目13-8,有,"平日 9:00-12:00
月・火・水・金曜 16:00-18:30",有,
井野病院,282014,兵庫県,姫路市,34.778759,134.75589,079-254-5553,http://www.inohos.com/ino,671-0102,兵庫県姫路市大塩町汐咲1-27,有,火曜日・土曜日(9:00~12:00),無,
産科婦人科小国病院,281050,兵庫県,神戸市兵庫区,34.810417,134.691818,079-284-0381,http://oguni-hp.com,652-0042,兵庫県姫路市南条2丁目23番地,有,"平日 9:00-13:00/16:00-18:00 土曜 9:00-
13:00/15:00-17:00",有,
公立神崎総合病院,284467,兵庫県,神崎郡神河町,35.066429,134.775681,0790-32-1331,http://www.kanzaki-hp.jp/,679-2493,兵庫県神崎郡神河町粟賀町385番地,有,"月~金(午前8:00-午前11:00)
※院外処方にて対応",無,
武木田産婦人科医院,282014,兵庫県,姫路市,34.815361,134.583405,079-273-1103,,671-1227,兵庫県姫路市網干区和久462-5,有,平日 9:00-18:00 土曜 9:00-12:00,有,
"医療法人社団 出口産婦人
科",282014,兵庫県,姫路市,34.831848,134.659836,079-292-0030,,670-0981,兵庫県姫路市西庄384-1,有,"月・火・水・木・金・土 9:00~12:00
月・火・水・金 15:00~17:00",有,
"医療法人社団こうのとり会
西川レディ-スクリニック",282014,兵庫県,姫路市,34.827621,134.690842,079-284-7177,http://www.nishikawa-lc.com/,670-0927,兵庫県姫路市駅前町188番地ピオレ姫路6F,有,平日:月火水金土 14:00-18:30,有,
太田産婦人科医院,282014,兵庫県,姫路市,34.843914,134.658752,079-293-3188,,670-0061,兵庫県姫路市西今宿2丁目2-10,有,"月火水金 AM9:00-AM12:00 PM3:00-PM6:30
木土 AM9:00-AM12:00",有,
河原レディ-スクリニック,282014,兵庫県,姫路市,34.840183,134.673126,079-299-3622,https://www.kawahara-clinic.com/,670-0055,兵庫県姫路市神子岡前4-1-3,有,"月・火・水・金 9:30-13:30 16:00-19:00
木・土 9:30-13:00",有,
親愛産婦人科,282014,兵庫県,姫路市,34.791256,134.588669,079-271-6666,http://www.sinai.gr.jp/,671-1253,兵庫県姫路市網干区垣内中町260,有,"平日 9:00-18:00
土曜 9:00-13:00",有,
平田医院,282014,兵庫県,姫路市,34.84594,134.698883,079-222-1066,hirata-iin.com,670-0872,兵庫県姫路市八代740番地3,有,"月・火・木・金 9:00~12:00 15:00~18:00
土 9:00~12:00",有,URL(リンク切れ)
和田産婦人科,282014,兵庫県,姫路市,34.80846,134.628098,079-236-2313,,671-1104,兵庫県姫路市広畑区才820,有,"月火水金 9:00-18:30
土 9:00-12:00",有,
公立宍粟総合病院,282278,兵庫県,宍粟市,35.004013,134.537369,0790-62-2410,http://www.shiso-hp.jp/,671-2576,兵庫県宍粟市山崎町鹿沢93番地,有,"平日 8:30-11:00
土日祝日対応不可",有,
赤穂市民病院,282120,兵庫県,赤穂市,34.743111,134.391006,0791-43-3222,http://www.amh.ako.hyogo.jp,678-0232,兵庫県赤穂市中広1090番地,有,月~木9:30-12:00,有,
山田レディ-スクリニック,282294,兵庫県,たつの市,34.861225,134.55191,0791-62-1185,"http://www.pure.ne.jp/~
yamada/mene.html",679-4167,兵庫県たつの市龍野町富永145番地9,有,"平日(月・水・土)8:45~12:00 (火・金)
8:45~12:00 16:00~18:00",有,URL(リンク切れ)
半田クリニック,282081,兵庫県,相生市,34.821945,134.482697,0791-22-0068,www.hakuyukai-med.or.jp,678-0001,兵庫県相生市山手2丁目221,有,"月・火・水・金 9:00-12:00 , 16:00-18:00
木・土 9:00-12:00
(水・木 13:00-18:00 要予約)",有,
福田産婦人科麻酔科,282120,兵庫県,赤穂市,34.756493,134.394516,0791-43-5357,http://www.fukuda8767.com/,678-0239,兵庫県赤穂市加里屋30-9,有,"月曜、火曜、木曜、金曜:9:00-12:30 16:00-
18:30 水曜、土曜:9:00-12:30",有,
半田産婦人科医院,284815,兵庫県,赤穂郡上郡町,34.86869,134.354767,0791-52-1000,,678-1233,兵庫県赤穂郡上郡町大持350番地,有,"AM 9-12時:月~土曜 PM 3-6時:月・水・金曜
いずれも予約制",有,
公立八鹿病院,282227,兵庫県,養父市,35.404301,134.773621,079-662-5555,http://www.hosp.yoka.hyogo.jp/,667-8555,兵庫県養父市八鹿町八鹿1878番地1,有,"平日 8:30~17:00
土・日・祝日 なし",有,
"公立豊岡病院組合立豊岡病
院",282090,兵庫県,豊岡市,35.522156,134.800522,0796-22-6111,"https://www.toyookahp-
kumiai.or.jp/toyooka/",668-8501,兵庫県豊岡市戸牧1094番地,有,"平日時間内 8:00-11:00、12:00-15:00
(但し警察からの要請等、特に緊急性の高いもの
に関しては24時間対応)",有,URL(リンク切れ)
"公立豊岡病院組合立 豊岡
病院日高医療センタ-",282090,兵庫県,豊岡市,35.466805,134.770447,0796-42-1611,"http://www.toyookahp-
kumiai.or.jp/hidaka/",669-5392,兵庫県豊岡市日高町岩中81,有,平日8:30-16:30,有,URL(リンク切れ)
"兵庫医科大学ささやま医療
センタ-",282219,兵庫県,丹波篠山市,35.080135,135.216248,079-552-1181,"http://www.sasayama.hyo-
med.ac.jp",669-2321,兵庫県丹波篠山市黒岡5番地,有,"8:30~17:00(平日)
平日17:00~,土曜,日曜,祝日(医師が在院してい
れば対応可能)",有,URL(リンク切れ)
兵庫県立丹波医療センタ-,282235,兵庫県,丹波市,35.147713,135.055634,0795-88-5200,https://tmc.hyogo.jp/,669-3495,兵庫県丹波市氷上町石生2002-7,有,平日 9:00-17:00,有,
"医療法人社団 細見クリニッ
ク",282219,兵庫県,丹波篠山市,35.089512,135.230637,079-552-6007,http//www.hosomi-clinic.com/,669-2318,兵庫県丹波篠山市大熊64,有,"月:9時~12時、火・金:2時~4時、水:15時半~18時
半、土:13時半~16時",有,URL(リンク切れ)
"医療法人社団タマル産婦人
科",282219,兵庫県,丹波篠山市,35.068764,135.201035,079-590-1188,https://www.tamar.jp,669-2202,兵庫県丹波篠山市東吹404-1,有,"月水金:9:00-12:30,17:00-18:30、火、土、日:
9:00-12:30",有,
洲本伊月病院,282057,兵庫県,洲本市,34.342197,134.863434,0799-26-0770,http://awaji-itsuki.jp,656-0014,兵庫県洲本市桑間428,有,"毎週 火曜日 9:00-17:00
毎週 水曜日 9:00-12:00",有,
カク西本協同産婦人科,282057,兵庫県,洲本市,34.340546,134.896881,0799-23-1503,,656-0025,兵庫県洲本市本町3丁目1-27,有,"平日 AM9:00-12:00 PM4:00-6:00
土 AM9:00-12:00",有,
