施設_名称,施設_市区町村コード,住所_都道府県,住所_市区町村（郡）,住所_緯度,住所_経度,連絡先_電話番号,連絡先_FormURL,連絡先_郵便番号,連絡先_住所,緊急避妊に係る診療が可能な産婦人科医療機関等_産科、婦人科又は産婦人科の標榜の有無,緊急避妊に係る診療が可能な産婦人科医療機関等_医療機関における緊急避妊にかかる対面診療への対応可能時間帯,緊急避妊に係る診療が可能な産婦人科医療機関等_常時の緊急避妊薬の在庫の有無,エラー
"医療法人
中野産婦人科",292010,奈良県,奈良市,34.681831,135.80423,0742-30-0039,http://www.nakano-ladies-cl-shinomiya.com,630-8014,奈良県奈良市四条大路一丁目3番57号,有,"平日 9:00~17:00
土、日 9:00~17:00",有,
西村クリニック,292010,奈良県,奈良市,34.681839,135.805298,0742-36-1241,,630-8014,"奈良県奈良市四条大路1丁目1-30東亜シティプラザ
2F",有,"月・水・木・金 9:30~12:30、16:30~19:30
火・土 9:30~12:30",有,
高山クリニック,292010,奈良県,奈良市,34.668861,135.794968,0742-35-3611,http://www.takayama-hp.org/,630-8031,奈良県奈良市柏木町190-5,有,平日、土曜 9:00~12:00,有,
髙井レディ-スクリニック,292010,奈良県,奈良市,34.682484,135.82103,0742-26-0551,http://www.takai-clinic.jp/,630-8247,奈良県奈良市油阪町1-66,有,"平日 8:30~19:00
土曜 8:30~12:00
木・日・祝 休診",有,
はらだ医院,292010,奈良県,奈良市,34.672733,135.833572,0742-22-6817,https://harada-hospital.com/,630-8306,奈良県奈良市紀寺町607,有,"月・火・水・金・土 9:00~12:00
月・火・金 17:00~19:00",有,
"医療法人慈生会
岡村産婦人科",292010,奈良県,奈良市,34.674118,135.823395,0742-23-3566,http://www.okamura-cl.com,630-8325,奈良県奈良市西木辻町30番地の10,有,"月・火・水・金・土 9:00~13:00
月・水・金 18:00~19:30",有,
"地方独立行政法人奈良県
病院機構
奈良県総合医療センタ-",292010,奈良県,奈良市,34.663071,135.769989,0742-46-6001,http://www.nara-hp.jp/,630-8581,奈良県奈良市七条西町二丁目897番5,有,月~金 8:30~11:00受付,無,
すぎはら婦人科,292010,奈良県,奈良市,34.726208,135.75238,0742-46-4124,http://www.sugiharafujinka.com,631-0003,"奈良県奈良市中登美ケ丘6-3-3リコラス登美ヶ丘A棟
3F",有,"月・火・木・金 9:30~12:30、15:30~18:30
土 9:30~12:30、14:00~16:00",有,
"あやめ池いしい婦人科クリ
ニック",292010,奈良県,奈良市,34.7006,135.762039,0742-52-0600,www.ayameike-ishii-wcl.com,631-0032,"奈良県奈良市あやめ池北一丁目32番21号メディカル
コ-トあやめ池A204",有,"平日・土曜 9:00~12:00(木曜を除く)
月・火・金 16:30~19:00
木・日・祝 休診",有,
ちえクリニック,292010,奈良県,奈良市,34.699711,135.750778,0742-93-7412,http://chieclinic.com/,631-0036,奈良県奈良市学園北1丁目14-13メディカル学園前3F,有,"月 13:00~15:30
火・金 9:00~15:30
木・土 9:00~18:00",有,
洋子レディ-スクリニック,292010,奈良県,奈良市,34.687309,135.749786,0742-51-1200,http://www.clinicadonna.com/,631-0041,奈良県奈良市学園大和町三丁目40番地2,有,月・火・水・木・金・土 8:30~14:00,有,
きよ女性クリニック,292010,奈良県,奈良市,34.664989,135.760086,0742-53-0411,http://www.kiyo-clinic.com,631-0054,奈良県奈良市石木町50番1,有,"月・火・水・金: 9:00~12:00、17:00~20:00
木・土:9:00~12:00",有,
"医療法人双葉会
富雄産婦人科",292010,奈良県,奈良市,34.702591,135.730209,0742-43-0381,http://www.tomio-w-clinic.or.jp,631-0074,奈良県奈良市三松4丁目878番地1,有,"月・火・水・木・金・土 9:00~12:00
月・火・金 17:00~21:00",有,
"医療法人新生会
総合病院高の原中央病院",292010,奈良県,奈良市,34.722092,135.789246,0742-71-1030,http://www.takanohara-ch.or.jp/,631-0805,奈良県奈良市右京1丁目3-3,有,"平日:8:30~17:00
土曜:8:30~13:00",有,
"医療法人
平野医院",292010,奈良県,奈良市,34.69405,135.784775,0742-33-3338,http://www.hiranoiin.org/,631-0821,奈良県奈良市西大寺東町二丁目1番52号,有,"平日、土曜 9:00~12:00
月・火・水・金 14:00~16:00",有,
ひらのレディ-スクリニック,292010,奈良県,奈良市,34.690617,135.782288,0742-52-0500,https://hirano-ladies-clinic.jp,631-0824,"奈良県奈良市西大寺南町5-26 T・Kビル西大寺
SOUTH 4階",有,"平日 9:00~12:00、16:00~20:00(木以外)
土 9:00~13:00",有,
"医療法人白鳳会
林産婦人科登美ヶ丘",292095,奈良県,生駒市,34.729382,135.754196,0743-70-0339,http://hakuhoukai.or.jp,630-0115,奈良県生駒市鹿畑町55番1,有,"平日 9:00~12:00、17:30~20:00
土曜 9:00~12:00",有,URL(リンク切れ)
生駒市立病院,292095,奈良県,生駒市,34.690994,135.711319,0743-72-1111,https://ikoma.tokushukai.or.jp/,630-0213,奈良県生駒市東生駒1丁目6番地2,有,"平日 9:00~17:00
土曜 9:00~12:00",有,URL(リンク切れ)
榎本レディ-スクリニック,292095,奈良県,生駒市,34.694305,135.697128,0743-72-1005,http://enemoto-lc.com/,630-0245,奈良県生駒市北新町10番36-405号,有,"月・火・水・金 9:30~12:30、16:00~19:00
木・土 9:30~12:30",有,URL(リンク切れ)
"医療法人
好川婦人科クリニック",292095,奈良県,生駒市,34.692825,135.702591,0743-75-8600,http://www1.kcn.ne.jp/-chap-lin/,630-0258,奈良県生駒市東新町4番20号石丸ビル101号,有,"平日 9:00~12:00、17:00~20:00(木曜は午前のみ)
土曜 9:00~12:00、13:30~15:30",有,URL(リンク切れ)
辻村医院,292036,奈良県,大和郡山市,34.643726,135.784271,0743-52-2718,,639-1134,奈良県大和郡山市柳町198の2,有,"平日8:30~12:00、16:00~18:30
土曜8:15~12:00
木・日・祝 休診",有,
"三橋仁美レディ-スクリニッ
ク",292036,奈良県,大和郡山市,34.647018,135.784454,0743-51-1135,"http://www1.mahoroba.ne.jp/-ykmao/hp/mit
suhasihitomi/",639-1142,奈良県大和郡山市矢田町通19,有,"月・火・水・木・金・土 9:00~12:00
月・火・木・金は夜診もあり 16:30~19:30",有,URL(リンク切れ)
"医療法人ますだ産婦人科
明日香ウイメンズ・クリニッ
ク",292052,奈良県,橿原市,34.473621,135.796722,0744-28-3511,http://www.asuka-wcl.com,634-0064,奈良県橿原市見瀬町607番地の2,有,"月・火・水・金・土 9:00~13:00、16:30~19:00
水・土 9:00~13:00",有,
酒本産婦人科医院,292052,奈良県,橿原市,34.5149,135.791702,0744-25-3389,http://www.sakamoto-sanfujinka.com/,634-0804,奈良県橿原市内膳町4丁目4番26号,有,"月・火・水・金・土 9:30~12:30
月・水・金 17:00~19:00
土 16:00~18:00",有,
"医療法人平治会 ミズクリ
ニック メイワン",292052,奈良県,橿原市,34.504318,135.794937,0744-20-0028,https://www.mscl-mayone.com,634-0813,奈良県橿原市四条町871-1,有,"火・金・土 10:00~13:00、16:00~19:00
月・木 10:00~13:00",有,
"医療法人母と子の城
久産婦人科内科",293636,奈良県,磯城郡田原本町,34.553295,135.785797,0744-33-3110,https://hisa.or.jp/,636-0304,奈良県磯城郡田原本町大字十六面23番地の1,有,"平日 9:00~12:00、17:30~19:30
土曜 9:00~12:00
木曜休診",有,
内藤医院,292060,奈良県,桜井市,34.509663,135.852539,0744-42-2138,https://www.naitoh-iin.jp/,633-0091,奈良県桜井市大字桜井996番地,有,"月・火・水・金・土 9:00~12:00
火・金 14:00~15:00
月・水・金 17:00~19:00",有,
"医療法人
赤崎クリニック",292060,奈良県,桜井市,34.512119,135.84259,0744-43-2468,https://akasaki-clinic.net/,633-0053,奈良県桜井市谷111番地,有,"平日 9:00~12:00、17:00~20:00
土曜 9:00~12:00",有,
"医療法人社団清心会
桜井病院",292060,奈良県,桜井市,34.511341,135.846313,0744-43-3541,http://www.sakurai-hp.com,633-0091,奈良県桜井市桜井973番地,有,"平日 9:00~16:30
土曜 9:00~12:00
日曜・祝日 10:00~18:00",有,
上田クリニック,292060,奈良県,桜井市,34.519718,135.842468,0744-43-2006,http://uedaclinic.cihp2.jp/,633-0062,奈良県桜井市粟殿468-18,有,"月・火・水・金 9:00~12:00、17:00~19:30
木・土 9:00~12:00",有,URL(リンク切れ)
大和高田市立病院,292028,奈良県,大和高田市,34.51054,135.736908,0745-53-2901,www.ym-hp.yamatotakada.nara.jp,635-8501,奈良県大和高田市礒野北町1番1号,有,平日 8:30~17:00,有,URL(リンク切れ)
"医療法人白鳳会
林産婦人科五位堂",292109,奈良県,香芝市,34.542225,135.719223,0745-71-5201,http://hakuhoukai.or.jp/,639-0223,奈良県香芝市真美ヶ丘1丁目13番27号,有,"月・水・金 9:00~12:00、17:30~20:00
火・木・土 9:00~12:00",有,URL(リンク切れ)
"医療法人輝曜会
別府レディ-スクリニック",294250,奈良県,北葛城郡王寺町,34.598026,135.702911,0745-34-2000,http://beppu-ladies-clinic.p2.bindsite.jp,636-0003,"奈良県北葛城郡王寺町久度2-3-1り-べる王寺西館
3F",有,"平日 8:30~13:00、15:00~18:00
土曜 8:30~13:00",有,
"医療法人白鳳会
林産婦人科",294250,奈良県,北葛城郡王寺町,34.591095,135.710098,0745-73-3301,http://hakuhoukai.or.jp,636-0011,奈良県北葛城郡王寺町葛下1丁目9番1号,有,"月 17:00~19:00
火 17:30~20:00
金 9:00~12:00",有,URL(リンク切れ)
KENレディ-スクリニック,293440,奈良県,生駒郡斑鳩町,34.602863,135.73735,0745-74-0008,https://ken-lc.jp,636-0123,奈良県生駒郡斑鳩町興留4-10-14 1階,有,"月・火・水・金 8:30~12:00、15:30~19:00
木・土 8:30~12:00",有,
"医療法人
なんのレディ-スクリ
ニック",293440,奈良県,生駒郡斑鳩町,34.603374,135.739944,0745-75-5623,http://nanno-lc.com/,636-0123,奈良県生駒郡斑鳩町興留5-14-8,有,"月・火・水・木・金・土 9:00~12:30
水 16:30~18:00
月・火・金 16:30~19:30",有,
"医療法人八甲会
潮田病院",294411,奈良県,吉野郡吉野町,34.396046,135.857605,0746-32-3381,WWW.ushioda-hospital.or.jp,639-3111,奈良県吉野郡吉野町下市2135,有,月・火・金 9:00~17:00,無,URL(リンク切れ)
