施設_名称,施設_市区町村コード,住所_都道府県,住所_市区町村（郡）,住所_緯度,住所_経度,連絡先_電話番号,連絡先_FormURL,連絡先_郵便番号,連絡先_住所,緊急避妊に係る診療が可能な産婦人科医療機関等_産科、婦人科又は産婦人科の標榜の有無,緊急避妊に係る診療が可能な産婦人科医療機関等_医療機関における緊急避妊にかかる対面診療への対応可能時間帯,緊急避妊に係る診療が可能な産婦人科医療機関等_常時の緊急避妊薬の在庫の有無,エラー
医療法人社団 正岡病院,341010,広島県,広島市中区,34.394981,132.448441,082-291-3366,https://www.masaoka-hp.com,730-0852,広島県広島市中区猫屋町4番6号,有,"月・水・金・土8:30-12:30,14:00-17:00/火8:30-
12:30,14:00-18:00
日曜日・祝日も含めて診療時間外でも対応可能ですが,別途
時間外料金をいただいております",有,
医療法人あかね会 土谷総合病院,341010,広島県,広島市中区,34.390396,132.451721,082-243-9191,http://www.tsuchiya-hp.jp,730-8655,広島県広島市中区中島町3-30,有,平日9:00-17:00,有,
医療法人社団 井原クリニック,341010,広島県,広島市中区,34.395569,132.457184,082-225-3360,http://www.ihara-clinic.jp,730-0011,"広島県広島市中区基町6番27号 アクア
広島センタ-街9階",有,"月・水・金10:00-13:00,14:30-18:00/木10:00-11:30,14:30-
18:00/土10:00-13:00,14:30-17:00 火曜休診",有,
医療法人 河野産婦人科クリニック,341010,広島県,広島市中区,34.394276,132.456039,082-242-1505,,730-0031,広島県広島市中区紙屋町2丁目2番25号,有,"平日9:00-13:00,15:00-18:00/土曜9:00-12:00,13:00-15:00",有,
医療法人社団 山岡産婦人科,341010,広島県,広島市中区,34.377354,132.449539,082-240-1103,,730-0814,広島県広島市中区羽衣町16番43号,有,"平日10:00-13:00,15:00-18:00/木10:00-13:00/土10:00-
15:00",有,
こうレディスクリニック,341010,広島県,広島市中区,34.386471,132.460846,082-542-0770,,730-0043,広島県広島市中区富士見町12-17,有,"平日9:00-18:00,土9:00-17:30",有,
"医療法人 婦人科・内科小松クリニッ
ク",341010,広島県,広島市中区,34.394211,132.463791,082-227-3777,http://www.komatu.org/,730-0017,"広島県広島市中区鉄砲町10-18 八丁
堀栗村ビル7F",有,"月・火・木・金9:30-12:30,14:30-18:00/水9:30-12:30/土
9:30-12:00",有,
産婦人科 長尾クリニック,341010,広島県,広島市中区,34.393433,132.466537,082-502-7002,http://www.nagao-clinic.gr.jp,730-0016,広島県広島市中区幟町14番11号 3F,有,10:00-14:00 日・祝休診,有,
木山産婦人科クリニック,341010,広島県,広島市中区,34.392139,132.458237,082-544-3155,http://kiyama-c.com/,730-0036,"広島県広島市中区袋町4-3 滝口ビル3
階",有,"月・火・水・金9:00-13:00,14:30-18:00/木9:00-13:00/土
9:00-12:30,14:00-17:00",有,
"医療法人社団はつき会 井槌産婦人
科",341010,広島県,広島市中区,34.394791,132.465012,082-221-1684,http://www.izuchi-clinic.jp,730-0017,広島県広島市中区鉄砲町9番24号,有,"平日(月・火・木・金)10:00-18:30/土曜10:00-17:00/月1
回第1日曜日10:00-13:00(変更あり・要確認)",有,
医療法人 中川産科婦人科医院,341010,広島県,広島市中区,34.397518,132.451767,082-231-2832,http://www.nakagawa.or.jp,730-0802,広島県広島市中区本川町二丁目1番16号,有,"月~金9:00-12:30,15:00-17:30
土9:00-12:30,14:30-17:00",有,
さだもりレディ-スクリニック,341010,広島県,広島市中区,34.392403,132.456451,082-242-1132,http://www.sadalc.cc,730-0051,"広島県広島市中区大手町2丁目7番2号
Balcom大手町ビル 4F",有,"月・火・木・金10:00-13:00,15:00-17:30/水・土10:00-
12:00 初診は診療終了の30分前迄の受付が必要。土曜日は
事前予約した方のみの完全予約制",有,
"医療法人社団 女性クリニック ラ
ポ-ル",341010,広島県,広島市中区,34.384727,132.451523,082-241-6009,"http://www.women-rapport-
clinic.com",730-0051,広島県広島市中区大手町5丁目 3-1,有,"月・木9:00-13:00,15:00-19:30/火・金・土9:00-
13:00,15:00-18:00 水・日曜・祝日休診",有,URL(リンク切れ)
"医療法人社団 明樟会 広島女性ク
リニック",341010,広島県,広島市中区,34.390705,132.462738,082-249-3900,"http://www.hiroshimabreastcenter.c
o.jp/fujin/",730-0029,"広島県広島市中区三川町1-20 ピンクリ
ボン39ビル4F",有,"月9:00-12:00,15:00-18:00/火・水9:00-13:00,15:00-18:00/
金9:00-13:00/土9:00-11:00",有,URL(リンク切れ)
"医療法人社団秋月会 広島中央通り
香月産婦人科",341010,広島県,広島市中区,34.389839,132.462143,082-546-2556,https://www.katsuki-medical.com/,730-0029,"広島県広島市中区三川町7-1香月メディ
カルビル6F",有,"月・火・木・金8:30-18:30/水・土9:00-12:00,14:00-17:00",有,
ウィミンズ・ヴィセオ クリニック広島,341029,広島県,広島市東区,34.398518,132.478363,082-568-5177,https://www.womens-viseo.com,732-0053,"広島県広島市東区若草町11-2グラン
ア-クテラス3階",有,"平日9:00-12:30,15:00-18:30/土曜9:00-12:30,15:00-17:00
休診日 木曜・日曜・祝日",有,
JR広島病院,341029,広島県,広島市東区,34.401321,132.477203,082-262-1171,,732-0057,広島県広島市東区二葉の里3-1-36,有,"平日9:00-11:30,13:00-15:00",無(院外処方のみ対応),
"医療法人社団 日の浦会 佐々木産
婦人科",341029,広島県,広島市東区,34.437042,132.485992,082-229-4008,https://www.sasaki-lcl.com,732-0009,広島県広島市東区戸坂千足2丁目9-25,有,"月・火・水・金9:00-13:00,15:00-18:00/木・土9:00-13:00",有,
医療法人松本クリニック,341037,広島県,広島市南区,34.395363,132.475998,082-264-7711,"http://matsumotowomens-
clinic.webmedipr.jp/",732-0823,"広島県広島市南区猿猴橋町2-11 駅前
クリニックビル5F",有,"月・火・水・金・土9:30-12:30,14:30-16:00",有,URL(リンク切れ)
澤崎産婦人科,341037,広島県,広島市南区,34.392475,132.474564,082-261-2168,http://sawasaki-sanfujinka.com/,732-0824,広島県広島市南区的場町二丁目2-15,有,"月・火・水・金9:00-12:30,15:00-18:00/木9:00-12:30/土
9:00-12:30,15:00-17:00",有,
新甲さなえ女性クリニック,341037,広島県,広島市南区,34.385925,132.475906,082-568-2234,http://www.sanae-clinic.com,732-0814,"広島県広島市南区段原南1-3-53
イ-ストビル 2階",有,"月・火・水・金10:00-13:00,15:00-18:00/土10:00-15:00",有,
母と子のまきクリニック,341037,広島県,広島市南区,34.395546,132.472244,082-264-1105,https://www.motherandfetusmc.com,732-0828,"広島県広島市南区京橋町2-24 ロイヤ
ルエイト広島駅前3F",有,"月・火・木・金・土9:30-12:30,13:30-18:00",有,
医療法人社団 鈴峰今中医院,341045,広島県,広島市西区,34.368992,132.374573,082-277-1223,http://www.kawamura.gr.jp,733-0842,広島県広島市西区井口4-2-31,有,"月・火・水・金9:00-12:00,15:00-18:00/ 木・土9:00-12:00",有,URL(リンク切れ)
松尾産婦人科内科医院,341045,広島県,広島市西区,34.41156,132.452881,082-237-1506,http://www.ccv.ne.jp/home/pinetree,733-0003,広島県広島市西区三篠町1-5-7,有,"月・火・水・金9:00-12:30,15:30-19:00/木・土9:00-12:30",有,
医療法人社団秋月会 香月産婦人科,341045,広島県,広島市西区,34.393341,132.426041,082-272-5588,http://www.katsuki-clinic.com,733-0812,"広島県広島市西区己斐本町2丁目14番2
4号",有,"月・火・水・金8:00-11:00,14:00-16:00/木8:00-11:00/土
8:00-11:45 (新規の患者様は受付時間15分前までの受付と
させていただきます)",有,
"医療法人社団昭信会 頼島産婦人科
病院",341053,広島県,広島市安佐南区,34.442554,132.468765,082-874-0523,http://www.yorishima-hospital.jp/,731-0113,"広島県広島市安佐南区西原5丁目11-1
8",有,"月・水・金8:30-12:00,14:30-17:30/火・木・土8:30-12:00",有,
"広島医療生活協同組合 広島共立病
院",341053,広島県,広島市安佐南区,34.460533,132.475372,082-879-1111,http://www.hiroshimairyo.or.jp/,731-0121,"広島県広島市安佐南区中須二丁目20-2
0",有,"月・火・木8:30-16:00/水・金・土(奇数週のみ)8:30-
11:30",無,
舛本産婦人科医院,341053,広島県,広島市安佐南区,34.472721,132.450409,082-878-1111,www.masumoto-ladys-clinic.jp,731-0141,広島県広島市安佐南区相田2-7-22,有,"(午前)月~土 9:00-12:30/
(午後)月・水・金15:00-17:30",有,
緑井レディ-スクリニック,341053,広島県,広島市安佐南区,34.46632,132.476212,082-831-2300,http://www.midorii-clinic.jp,731-0103,"広島県広島市安佐南区緑井一丁目5-1
緑井スカイステ-ジ3F302号",有,"月・火・水・金9:30-13:00,14:30-17:30/土9:30-
12:00,13:00-14:30",有,
井上産婦人科クリニック,341053,広島県,広島市安佐南区,34.442833,132.401382,082-848-7010,,731-3167,"広島県広島市安佐南区大塚西3-11-3
6",有,"平日9:00-12:30,15:00-18:00(木曜以外)/土曜9:00-12:30
木曜・日曜休診",有,
すみれ産婦人科クリニック,341053,広島県,広島市安佐南区,34.467442,132.477737,082-831-0160,www.sumire-wcl.com,731-0103,"広島県広島市安佐南区緑井五丁目29-1
8",有,"診療時間内に対応 月・火・木・金9:00-12:30,14:00-
18:00/水9:00-12:30/土9:00-13:00",有,
やすクリニック,341053,広島県,広島市安佐南区,34.474167,132.451218,082-878-7101,www.yasuclinic.com,731-0154,広島県広島市安佐南区上安一丁目1-18,有,"月・火・水・金9:00-12:00,14:30-16:30/木・土9:00-12:00
(臨時休診の場合あり)",有,URL(リンク切れ)
"ぎおん皮膚科婦人科スキンケアクリ
ニック",341053,広島県,広島市安佐南区,34.447208,132.46048,082-832-4112,http://www.gion-cl.com,731-0138,"広島県広島市安佐南区祇園5丁目2-45
202",有,"月・火・木・金9:00-12:00,15:00-18:00/水・土9:00-12:00",有,
"医療法人 耕仁会 村上産婦人科ク
リニック",341061,広島県,広島市安佐北区,34.520168,132.504532,082-819-1333,http://www.murakami-clinic.jp/,731-0231,広島県広島市安佐北区亀山二丁目6-20,有,"月・火・金9:00-12:30,14:30-18:00/木9:00-12:30,14:30-
17:00/水・土9:00-12:30",有,
"医療法人 紹応会 河田産婦人科医
院",341088,広島県,広島市佐伯区,34.365211,132.356506,082-921-3501,http://kawata-obgy.com/,731-5135,"広島県広島市佐伯区海老園一丁目2番13
号",有,"平日(月・火・水・金)9:00-12:00,15:00-17:30/土曜日
9:00-12:00,15:00-17:00",有,
さくらウィメンズクリニック,341088,広島県,広島市佐伯区,34.367748,132.367996,082-943-5512,https://www.sakurawc.com,731-5125,"広島県広島市佐伯区五日市駅前一丁目5
-18-402",有,"月・火・木・金9:00-12:30,14:30-18:00/水9:00-12:30/土
9:00-14:00",有,
"医療法人 双藤会 産科・婦人科 藤
東クリニック",343021,広島県,安芸郡府中町,34.389473,132.502853,082-284-2410,https://fujito.clinic,735-0029,広島県安芸郡府中町茂陰一丁目1番1号,有,"平日(月・火・水・金)9:00-12:30,15:00-17:30/木曜
9:00-12:30/土曜9:00-12:30,15:00-17:00",有,
医療法人 津田産婦人科クリニック,343048,広島県,安芸郡海田町,34.363708,132.539566,082-821-0303,http://www.tsuda-sanfujinka.jp,736-0032,広島県安芸郡海田町南幸町9-43,有,"平日(月・火・水・金)9:00-12:30,15:00-17:30/木・土
9:00-12:30",有,
医療法人豊田レディ-スクリニック,343072,広島県,安芸郡熊野町,34.323914,132.573395,082-855-1913,www.toyota-lc.jp,731-4223,広島県安芸郡熊野町川角四丁目30番1号,有,"月・火・水・金・土9:00-12:00,14:00-17:00",有,
レディ-スクリニックとよしま医院,342114,広島県,大竹市,34.220398,132.220566,0827-53-7789,,739-0612,広島県大竹市油見三丁目19-6,有,"月・火・水・金9:00-12:30,14:00-18:00/木・土9:00-12:30",有,
"医療法人社団 江川レディ-スクリ
ニック",342130,広島県,廿日市市,34.351494,132.334259,0829-31-0461,http://www.egawa.or.jp/,738-0015,広島県廿日市市本町5-18,有,"月・火・水・金・土9:00-13:00,15:00-17:00",有,
ひさまつ産婦人科医院,342130,広島県,廿日市市,34.350082,132.308914,0829-39-1131,http://hisamatsu.or.jp/,738-0034,広島県廿日市市宮内1448番地1,有,"平日 9:00-12:00,14:00-17:30/土曜 9:00-12:30",有,URL(リンク切れ)
青葉レディスクリニック,342130,広島県,廿日市市,34.319099,132.298035,0829-50-2327,,739-0401,広島県廿日市市福面2-1-11,有,"月・火・水・金9:00-12:00,14:00-18:00/木・土9:00-12:00",有,
かとうレディ-スクリニック,342130,広島県,廿日市市,34.323738,132.318344,0829-36-0135,www.kato-lc.jp/,738-0054,広島県廿日市市阿品3丁目1-6,有,"月・火・木・金9:00-12:30,14:30-18:00/水・土9:00-12:30",有,URL(リンク切れ)
玉木産婦人科医院,342025,広島県,呉市,34.237793,132.624817,0823-71-2248,,737-0125,広島県呉市広本町3-22-26,有,"9:00-12:00,14:30-18:00 ※水曜,土曜は午前のみ",有,
末光産婦人科,342025,広島県,呉市,34.24543,132.568024,0823-21-1087,,737-0032,広島県呉市本町3-4,有,平日8:00-18:00,有,
田中産婦人科クリニック,342025,広島県,呉市,34.24472,132.560501,0823-22-1321,,737-0051,広島県呉市中央1丁目5-28,有,"平日8:30-12:00,14:00-18:30/土8:30-12:00",有,
"木岡産婦人科・きおか皮ふ科クリニッ
ク",342025,広島県,呉市,34.296101,132.557114,0823-30-5711,http://www.kioka-clinic.net/,737-0935,"広島県呉市焼山中央2丁目5番7号クリ
ニックモ-ルリフレ2F",有,"平日(月・火・水・金)9:00-12:30,14:30-18:00/木・土
9:00-12:30",有,
"医療法人社団 産婦人科小児科松田
医院",342025,広島県,呉市,34.245342,132.563919,0823-22-2253,,737-0046,広島県呉市中通2丁目4番11号,有,"月・火・水・金・土9:00-12:00,13:30-17:00/木9:00-12:00",有,
笠岡レディ-スクリニック,342025,広島県,呉市,34.24659,132.555954,0823-23-2828,https://kasaoka-clinic.jp,737-0811,広島県呉市西中央1-3-9 5F,有,"月・火・水・金8:30-12:30,15:30-18:30/木8:30-12:00/土
8:30-12:00,14:00-16:00",有,
さわさき婦人科・産科,342025,広島県,呉市,34.244072,132.562622,0823-21-2211,https://www.sawa0510.com/,737-0046,"広島県呉市中通1-3-14 オ-ルファ-
マシウ-タウン3F",有,"平日(木以外)8:30-12:00,13:30-17:00/平日(木)8:30-
12:00/土8:30-12:00",有,
医療法人社団 樹章会 本永病院,342122,広島県,東広島市,34.428745,132.741974,082-423-2666,https://www.motonaga.or.jp/,739-0016,広島県東広島市西条岡町8-13,有,月・火・水・金・土8:30-12:00,有,URL(リンク切れ)
医療法人社団 松田医院,342122,広島県,東広島市,34.439552,132.679596,082-428-0019,"https://itp.ne.jp/info/340695722400
000899/",739-0141,広島県東広島市八本松町飯田101,有,"月・火・水・金9:30-12:00,15:00-18:00/木・土9:30-
12:00(午後不可),日・祝は不可",有,URL(リンク切れ)
よこやま産婦人科,342122,広島県,東広島市,34.450111,132.794128,082-434-7777,,739-2125,広島県東広島市高屋町中島168番地,有,"月・水・金9:00-12:30,15:00-17:30/火・土9:00-12:30",有,
"医療法人大和会 西条ときわクリニッ
ク",342122,広島県,東広島市,34.415569,132.741547,082-493-5121,https://fdoc.jp/,739-0025,広島県東広島市西条中央5丁目4-1,有,"月~金(木曜除く)9:00-12:00.14:30-17:00(要予約,電話
にて問い合わせてください)/土8:00-11:30(人数制限あ
り)",有,
松林レディ-スクリニック,342122,広島県,東広島市,34.406517,132.750931,082-493-8600,http://www.matsubayashi-lc.com/,739-0024,"広島県東広島市西条町御薗宇4281-1
東広島クリニックビル3F",有,平日15:00-18:00/土曜日15:00-17:00,有,
いまじょうクリニック,342122,広島県,東広島市,34.439186,132.764359,082-426-6830,http://www.imajo-cl.com/,739-2105,広島県東広島市高屋町檜山79-1,有,"月・火・水・金9:00-12:00,15:00-18:00/土9:00-
12:00,15:00-17:00 木・日曜休診",有,
総合病院三原赤十字病院,342041,広島県,三原市,34.402679,133.089722,0848-64-8111,http://mihara.jrc.or.jp/,723-8512,広島県三原市東町二丁目7番1号,有,"平日(月~金) 8:30-16:00 ※変更の場合もありますので
事前に電話確認をお願いします。",有,URL(リンク切れ)
社会医療法人里仁会 興生総合病院,342041,広島県,三原市,34.392532,133.077255,0848-63-5500,http://kohsei-hp.jp,723-8686,広島県三原市円一町2丁目5-1,有,"月・水・金・土9:00-12:00,14:00-17:00/火・木9:00-12:00/
日9:00-12:00",有,
柴田産婦人科皮膚科,342041,広島県,三原市,34.398911,133.084488,0848-62-2525,,723-0014,広島県三原市城町一丁目19-10,有,"平日・土曜9:00-13:00(予約)
午後(平日)予約",有,
堀田レディ-スクリニック,342050,広島県,尾道市,34.420986,133.187027,0848-22-8844,http://www.bbbn.jp/-hlc/hlc7.htm,722-0024,広島県尾道市西則末町9-16,有,"平日10:00-12:30,15:00-18:00",有,URL(リンク切れ)
公立世羅中央病院,344621,広島県,世羅郡世羅町,34.585838,133.045853,0847-22-1127,http://www.serachuo-hp.jp,722-1112,広島県世羅郡世羅町本郷918番地3,有,"平日9:00-12:00(受付8:30-11:30),13:30-17:00(受付13:30-
16:00)/土・日・祝は対応不可",無,
松岡病院,342076,広島県,福山市,34.489876,133.366241,084-923-0385,http://www.matsuoka.or.jp,720-0045,広島県福山市宝町5-32,有,"平日9:00-12:30,15:00-18:00/木曜9:00-12:30",有,
医療法人秀明会 小池病院,342076,広島県,福山市,34.483013,133.368668,084-932-3511,http://www.koike-byoin.com,720-0807,広島県福山市明治町10-5,有,"月・水・金・土9:00-12:30,15:00-18:00/火・木9:00-12:30",有,
西福山病院,342076,広島県,福山市,34.451309,133.259186,084-933-2110,http://nishifuk.or.jp/,729-0104,広島県福山市松永町340-1,有,"平日9:00-12:30,14:00-18:00/土9:00-13:00(夜間・日・祝
日は対応なし)※来院前に電話確認要",有,
沼隈病院,342076,広島県,福山市,34.409191,133.340179,084-988-1888,http://shounankai.or.jp/,720-0402,広島県福山市沼隈町中山南469-3,有,"月・水・金
9:30-12:30,14:30-17:00",有,
医療法人社団 白河産婦人科,342076,広島県,福山市,34.490334,133.374832,084-922-2235,http://shirakawa-clinic.jp/,720-0033,広島県福山市旭町8-3,有,"9:00-12:30,15:30-17:45 ※木曜日は午後休診 ※日・祝
日・年末年始は休診",有,
かねもり婦人科クリニック,342076,広島県,福山市,34.484509,133.354523,084-923-0882,http://www.kanemori-clinic.jp/,720-0077,広島県福山市南本庄3-2-6,有,"月・火・水・金9:30-13:00,15:30-18:30/日9:30-12:00
(ただし日曜日は休診の場合あり,事前にお問い合わせくだ
さい)/木・祝休診",有,
"医療法人 マイビ- まつなが産科婦
人科",342076,広島県,福山市,34.492661,133.375626,084-923-0145,http://www.mybee.or.jp,720-0031,広島県福山市三吉町3丁目3番23号,有,"月・火・金8:45-11:30,14:30-17:40/水・土8:45-11:30/木
8:45-11:30,14:30-16:40",有,
"医療法人社団 幸の鳥レディスクリ
ニック",342076,広島県,福山市,34.506813,133.401489,084-940-1717,http://www.kohnotori.com,721-0907,広島県福山市春日町一丁目7-14,有,"月・火・水・金・土9:00-12:00,14:30-18:00",有,
小川胃腸科内科産婦人科医院,342076,広島県,福山市,34.441948,133.253525,084-933-3356,,729-0104,広島県福山市松永町6-19-9,有,"月・火・水・金・土8:30-12:00,14:00-18:00(第1・第3土
曜は午後休診)/木8:30-12:00/日・祝日は休診",有,
重政レディスクリニック,342076,広島県,福山市,34.473412,133.36467,084-922-5888,https://shigemasa-clinic.fmed.jp/,720-0825,広島県福山市沖野上町五丁目6-23,有,"月・火・水・金9:00-12:30,15:00-18:30/木・土9:00-12:30",有,
"よしだレディ-スクリニック内科・小児
科",342076,広島県,福山市,34.460827,133.391495,084-954-0341,www.yoshida-ladies.net,721-0955,広島県福山市新涯町3丁目19-36,有,"月・火・水・金9:00-12:30,15:00-18:00/木・土9:00-12:30",有,
おおもとウィメンズクリニック,342076,広島県,福山市,34.445568,133.387192,084-920-5155,http://ohwc.jp,720-0832,広島県福山市水呑町4447番地,有,"平日9:00-12:30,15:00-18:30(水は午後休診)/土9:00-
12:30,14:00-17:30 /日休診",有,
府中市民病院,342084,広島県,府中市,34.569576,133.248001,0847-45-3300,http://shimin.fuchuhp.jp/,726-8501,広島県府中市鵜飼町555番地3,有,平日 午前8:30-11:30 14:00-15:45,有,
堀川レディ-スクリニック,342092,広島県,三次市,34.801979,132.848129,0824-63-9412,,728-0011,広島県三次市十日市西一丁目6-9,有,"月・火・水・金8:30-12:00,14:00-17:30/木8:30-12:00/土
8:30-12:00,14:00-17:00(第3土曜休診〉","有(ノルレボは取り寄せ,プラ
ノバ-ルを主に使用)",
谷岡産科・婦人科,342092,広島県,三次市,34.812286,132.843765,0824-62-2813,,728-0021,広島県三次市三次町1778-3,有,"月・火・水・金8:45-12:00,14:00-17:00/木・土8:45-12:00
(第5土曜は除く)",有,
総合病院 庄原赤十字病院,342106,広島県,庄原市,34.858879,133.011169,0824-72-3111,http://www.shobara.jrc.or.jp/,727-0013,広島県庄原市西本町二丁目7番10号,有,月・水・金 8:15~12:00,有,
